Hs-Nr.	Hochschulkurzname	Hochschulname	Hochschultyp	Trägerschaft	Bundesland	Anzahl Studierende	Gründungsjahr	Promotionsrecht	Habilitationsrecht	Straße	Postleitzahl (Hausanschrift)	Ort (Hausanschrift)	Postfach	Postleitzahl (Postanschrift)	Ort (Postanschrift)	Telefonvorwahl	Telefon	Fax	Home Page	Mitglied HRK
2	Aachen FH	Fachhochschule Aachen	Fachhochschulen / HAW	öffentlich-rechtlich	Nordrhein-Westfalen	14792	1971	Nein	Nein	Bayernallee 11	52066	Aachen	100560	52005	Aachen	0241	6009-0	6009-51090	http://www.fh-aachen.de	1
1	Aachen TH	Rheinisch-Westfälische Technische Hochschule Aachen	Universitäten	öffentlich-rechtlich	Nordrhein-Westfalen	47511	1870	Ja	Ja	Templergraben 55	52062	Aachen		52056	Aachen	0241	80-1	80-92312	https://www.rwth-aachen.de	1
3	Aalen H	Hochschule Aalen - Technik und Wirtschaft	Fachhochschulen / HAW	öffentlich-rechtlich	Baden-Württemberg	5750	1962	Nein	Nein	Beethovenstraße 1	73430	Aalen	1728	73428	Aalen	07361	576-0	576-2250	http://www.hs-aalen.de	1
4	Albstadt-Sigmaringen H	Hochschule Albstadt-Sigmaringen	Fachhochschulen / HAW	öffentlich-rechtlich	Baden-Württemberg	3276	1971	Nein	Nein	Anton-Günther-Straße 51	72488	Sigmaringen	1254	72481	Sigmaringen	07571	732-0	732-8229	www.hs-albsig.de	1
349	Alfter HfKuG	Alanus Hochschule für Kunst und Gesellschaft	Künstlerische Hochschulen	privat, staatlich anerkannt	Nordrhein-Westfalen	1803	1973	Ja	Nein	Villestraße 3	53347	Alfter				02222	9321-0	9321-21	https://www.alanus.edu/de/home	0
280	Amberg-Weiden OTH	Ostbayerische Technische Hochschule Amberg-Weiden	Fachhochschulen / HAW	öffentlich-rechtlich	Bayern	3889	1994	Nein	Nein	Kaiser-Wilhelm-Ring 23	92224	Amberg	1462	92204	Amberg	09621	482-0	482-4991	http://www.oth-aw.de/	1
5	Anhalt H	Hochschule Anhalt - Anhalt University of Applied Sciences	Fachhochschulen / HAW	öffentlich-rechtlich	Sachsen-Anhalt	7052	1991	Ja	Nein	Bernburger Straße 55	06366	Köthen	1458	06354	Köthen	03496	67-1000	67-1099	http://www.hs-anhalt.de	1
312	Ansbach H	Hochschule für angewandte Wissenschaften Ansbach	Fachhochschulen / HAW	öffentlich-rechtlich	Bayern	3761	1996	Nein	Nein	Residenzstraße 8	91522	Ansbach	1963	91510	Ansbach	0981	4877-0	4877-188	http://www.hs-ansbach.de	1
333	Aschaffenburg TH	Technische Hochschule Aschaffenburg	Fachhochschulen / HAW	öffentlich-rechtlich	Bayern	3424	1995	Nein	Nein	Würzburger Straße 45	63743	Aschaffenburg				06021	4206-0	4206-600	http://www.th-ab.de	1
7	Augsburg H	Hochschule für angewandte Wissenschaften Augsburg - University of Applied Sciences	Fachhochschulen / HAW	öffentlich-rechtlich	Bayern	6604	1710	Nein	Nein	An der Hochschule 1	86161	Augsburg	110605	86031	Augsburg	0821	5586-0	5586-3222	http://www.hs-augsburg.de/	1
6	Augsburg U	Universität Augsburg	Universitäten	öffentlich-rechtlich	Bayern	19975	1970	Ja	Ja	Universitätsstraße 2	86159	Augsburg		86135	Augsburg	0821	598-0	598-5505	http://www.uni-augsburg.de	1
504	Baden-Württemberg HfPol (Verw)	Hochschule für Polizei Baden-Württemberg	Verwaltungshochschule	öffentlich-rechtlich	Baden-Württemberg	2532		Nein	Nein	Sturmbühlstraße 250	78054	Villingen-Schwenningen				07720	3090	3093179	https://www.hfpol-bw.de/index.php/villingen-schwenningen	0
472	Baden-Württemberg HRecht (Verw)	Hochschule für Rechtspflege Schwetzingen	Verwaltungshochschule	öffentlich-rechtlich	Baden-Württemberg	774	1953	Nein	Nein	Karlsruher Straße 2	68723	Schwetzingen				06202	928900		http://www.fh-schwetzingen.de/pb/,Lde/Startseite	0
466	Baden-Württemberg HVerw/Finanzen(Verw)	Hochschule für öffentliche Verwaltung und Finanzen Ludwigsburg	Verwaltungshochschule	öffentlich-rechtlich	Baden-Württemberg	2938	1999	Nein	Nein	Reuteallee 36	71634	Ludwigsburg				07141	140-0	140-544	https://www.hs-ludwigsburg.de/	0
451	Baden-Württemberg HVerw (Verw)	Hochschule für öffentliche Verwaltung Kehl	Verwaltungshochschule	öffentlich-rechtlich	Baden-Württemberg	1392	1971	Nein	Nein	Kinzigallee 1	77694	Kehl				07851	894 121	894-5121	http://www.hs-kehl.de	0
354	Bad Homburg accadisFH	accadis Hochschule Bad Homburg	Fachhochschulen / HAW	privat, staatlich anerkannt	Hessen	474	1980	Nein	Nein	SÜDCAMPUS Bad Homburg Am Weidenring 4	61352	Bad Homburg				06172	9842-35	9842-20	https://www.accadis.com/contact.aspx	0
434	Bad Liebenzell IHL	Internationale Hochschule Liebenzell (IHL)	Fachhochschulen / HAW	privat, staatlich anerkannt	Baden-Württemberg	289	2011	Nein	Nein	Heinrich-Coerper-Weg 11	75378	Bad Liebenzell		75375	Bad Liebenzell	07052	177299	177304	http://www.ihl.eu	0
8	Bamberg U	Otto-Friedrich-Universität Bamberg	Universitäten	öffentlich-rechtlich	Bayern	11843	1647	Ja	Ja	Kapuzinerstr. 25	96047	Bamberg		96045	Bamberg	0951	863-1050	863-1172	http://www.uni-bamberg.de/	1
480	Bayern HVerw (Verw)	Hochschule für den öffentlichen Dienst in Bayern	Verwaltungshochschule	öffentlich-rechtlich	Bayern	5061		Nein	Nein	Wagmüllerstraße 20	80538	München				089	1426750	24267516	https://www.fhvr.bayern.de/	0
339	Bayreuth HfKiM	Hochschule für evangelische Kirchenmusik der Evangelisch-Lutherischen Kirche in Bayern	Künstlerische Hochschulen	kirchlich, staatlich anerkannt	Bayern	34	2000	Nein	Nein	Wilhelminenstraße 9	95444	Bayreuth				0921	75934-17	7593436	http://www.hfk-bayreuth.de	0
9	Bayreuth U	Universität Bayreuth	Universitäten	öffentlich-rechtlich	Bayern	12773	1972	Ja	Ja	Universitätsstraße 30	95447	Bayreuth		95440	Bayreuth	0921	55-0	55-5290	http://www.uni-bayreuth.de	1
431	Berlin Akkon	Akkon-Hochschule	Fachhochschulen / HAW	privat, staatlich anerkannt	Berlin	1132	2009	Nein	Nein	Colditzstraße 34-36	12099	Berlin				030	80923320	809233230	http://www.akkon-hochschule.de	0
18	Berlin ASH	Alice Salomon Hochschule Berlin	Fachhochschulen / HAW	öffentlich-rechtlich	Berlin	4328	1971	Nein	Nein	Alice-Salomon-Platz 5	12627	Berlin				030	99245-125	99245-245	http://www.ash-berlin.eu	1
389	Berlin bbw	bbw Hochschule	Fachhochschulen / HAW	privat, staatlich anerkannt	Berlin	1187	2007	Nein	Nein	Leibnizstraße 11-13	10625	Berlin				030	3199095-0	3199095-55	http://www.bbw-hochschule.de	0
437	Berlin BC	Bard College Berlin, A Liberal Arts University	Universitäten	privat, staatlich anerkannt	Berlin	283	1999	Nein	Nein	Platanenstrasse 24	13156	Berlin				030	43733-0	43733-100	http://www.berlin.bard.edu	0
15	Berlin BHT	Berliner Hochschule für Technik	Fachhochschulen / HAW	öffentlich-rechtlich	Berlin	13529	1971	Nein	Nein	Luxemburger Str. 10	13353	Berlin				030	4504-0	4504-2389	https://www.bht-berlin.de/	1
462	Berlin BIU	Berlin International University of Applied Sciences	Fachhochschulen / HAW	privat, staatlich anerkannt	Berlin	531	2014	Nein	Nein	Salzufer 6	10587	Berlin				030	81058080		http://www.berlin-international.de/	0
502	Berlin BSA	Barenboim-Said Akademie	Künstlerische Hochschulen	privat, staatlich anerkannt	Berlin	69	2016	Nein	Nein	Französische Straße 33D	10117	Berlin				030	2096717-00	2096717-29	www.barenboimsaid.de	0
415	Berlin BSP	BSP Business and Law School - Hochschule für Management und Recht	Fachhochschulen / HAW	privat, staatlich anerkannt	Berlin	1606	2009	Nein	Nein	Calandrellistraße 1-9	12247	Berlin				030	7668375 100	7668375 119	https://www.businessschool-berlin.de/	0
506	Berlin CODE	CODE University of Applied Sciences	Fachhochschulen / HAW	privat, staatlich anerkannt	Berlin	576	2017	Nein	Nein	Lohmühlenstr. 65	12435	Berlin				030	12085961		https://code.berlin/de/	0
516	Berlin DBU	Digital Business University of Applied Sciences	Fachhochschulen / HAW	privat, staatlich anerkannt	Berlin	99	2018	Nein	Nein	Oranienstr. 185	10999	Berlin				030	4036714444		https://dbuas.de/	0
404	Berlin DEKRA	DEKRA Hochschule für Medien	Fachhochschulen / HAW	privat, staatlich anerkannt	Berlin	12	2009	Nein	Nein	Ehrenbergstraße 11-14	10245	Berlin				030	290080-200	290080-201	http://www.dekra-hochschule.de/kontakt	0
383	Berlin DHGS	DHGS Deutsche Hochschule für Gesundheit und Sport	Fachhochschulen / HAW	privat, staatlich anerkannt	Berlin	1603	2007	Nein	Nein	Franklinstr. 28-29	10587	Berlin				030	57797370	5779737999	https://dhgs-hochschule.de	0
14	Berlin ESCP	ESCP Europe Wirtschaftshochschule Berlin e.V.	Universitäten	privat, staatlich anerkannt	Berlin	1205	1819	Ja	Nein	Heubnerweg 8-10	14059	Berlin		14059	Berlin	030	320 07 0		http://www.escp.eu	0
396	Berlin ESMT	ESMT European School of Management and Technology	Universitäten	privat, staatlich anerkannt	Berlin	588	2002	Ja	Nein	Schlossplatz 1	10178	Berlin				030	212310	212319	http://www.esmt.org/en/home	0
19	Berlin EvH	Evangelische Hochschule Berlin	Fachhochschulen / HAW	kirchlich, staatlich anerkannt	Berlin	1656	1904	Nein	Nein	Teltower Damm 118-122	14167	Berlin	37 02 55	14132	Berlin	030	84582-0	84582-450	http://www.eh-berlin.de	1
373	Berlin FHTouro	Touro College Berlin	Fachhochschulen / HAW	privat, staatlich anerkannt	Berlin	122	2003	Nein	Nein	Am Rupenhorn 5	14055	Berlin				030	300686-0	300686-39	http://www.touroberlin.de	0
11	Berlin FU	Freie Universität Berlin	Universitäten	öffentlich-rechtlich	Berlin	41548	1948	Ja	Ja	Kaiserswerther Str. 16-18	14195	Berlin				030	838-1	838-73167	http://www.fu-berlin.de	1
458	Berlin HaP	Hochschule für angewandte Pädagogik	Fachhochschulen / HAW	privat, staatlich anerkannt	Berlin	415	2013	Nein	Nein	Ostendstraße 1	12459	Berlin				030	20 60 89-0	20 60 89-22	http://www.hsap.de	0
384	Berlin Hertie	Hertie School	Universitäten	privat, staatlich anerkannt	Berlin	717	2003	Ja	Nein	Quartier 110, Friedrichstraße 180	10117	Berlin				030	259 219-0	259 219-111	https://www.hertie-school.org/en/	0
21	Berlin HfM	"Hochschule für Musik Hanns Eisler Berlin"	Künstlerische Hochschulen	öffentlich-rechtlich	Berlin	550	1950	Nein	Nein	Charlottenstraße 55	10117	Berlin				030	688305-700	688305-701	http://www.hfm-berlin.de	1
23	Berlin HfS	"Hochschule für Schauspielkunst Ernst Busch"	Künstlerische Hochschulen	öffentlich-rechtlich	Berlin	240	1905	Nein	Nein	Zinnowitzer Straße 11	10115	Berlin				030	755417-0	755417-175	http://www.hfs-berlin.de	1
420	Berlin HMKW	HMKW Hochschule für Medien, Kommunikation und Wirtschaft	Fachhochschulen / HAW	privat, staatlich anerkannt	Berlin	2263	2008	Nein	Nein	Ackerstraße 76	13355	Berlin				030	467769330		www.hmkw.de	0
16	Berlin HTW	Hochschule für Technik und Wirtschaft Berlin	Fachhochschulen / HAW	öffentlich-rechtlich	Berlin	14327	1994	Nein	Nein	Treskowallee 8	10318	Berlin		10313	Berlin	030	5019-0	030 5019-2100	https://www.htw-berlin.de	1
12	Berlin HU	Humboldt-Universität zu Berlin	Universitäten	öffentlich-rechtlich	Berlin	40332	1810	Ja	Ja	Unter den Linden 6	10117	Berlin		10099	Berlin	030	2093-0	2093-20061	https://www.hu-berlin.de/de/service/kontakt/	1
17	Berlin HWR	Hochschule für Wirtschaft und Recht Berlin	Fachhochschulen / HAW	öffentlich-rechtlich	Berlin	11844	1971	Nein	Nein	Badensche Straße 52	10825	Berlin				030	30877-0		https://www.hwr-berlin.de	1
390	Berlin IB	IB Hochschule für Gesundheit und Soziales	Fachhochschulen / HAW	privat, staatlich anerkannt	Berlin	776	2006	Nein	Nein	Breitenbachstraße 23	13509	Berlin				030	2593092-20		https://www.ib-hochschule.de	0
401	Berlin IPU	International Psychoanalytic University Berlin	Universitäten	privat, staatlich anerkannt	Berlin	894	2009	Nein	Nein	Stromstr. 3b	10555	Berlin				030	300117-500	300117-509	https://www.ipu-berlin.de	0
24	Berlin KHS	Katholische Hochschule für Sozialwesen Berlin (KHSB) - Staatlich anerkannte Fachhochschule für Sozialwesen	Fachhochschulen / HAW	kirchlich, staatlich anerkannt	Berlin	1235	1991	Nein	Nein	Köpenicker Allee 39-57	10318	Berlin				030	501010-0	501010-88	http://www.khsb-berlin.de	1
353	Berlin MDH	Mediadesign Hochschule für Design und Informatik	Fachhochschulen / HAW	privat, staatlich anerkannt	Berlin	768	2004	Nein	Nein	Franklinstraße 28 - 29	10587	Berlin				030	399 266 0	399 266 15	http://www.mediadesign.de	0
448	Berlin MSB	Medical School Berlin - Hochschule für Gesundheit und Medizin (MSB)	Fachhochschulen / HAW	privat, staatlich anerkannt	Berlin	2488	2012	Nein	Nein	Rüdesheimer Str. 50	14197	Berlin				030	7668375-600	7668375619	www.medicalschool-berlin.de	0
441	Berlin PHB	Psychologische Hochschule Berlin (PHB)	Universitäten	privat, staatlich anerkannt	Berlin	677	2010	Nein	Nein	Am Köllnischen Park 2	10179	Berlin				030	209166-201	030 209166 -17	http://www.psychologische-hochschule.de	0
456	Berlin Quadriga	Quadriga Hochschule Berlin	Fachhochschulen / HAW	privat, staatlich anerkannt	Berlin	126		Nein	Nein	Werderscher Markt 13	10117	Berlin				030	44729400	44 72 93 00	http://www.quadriga-hochschule.com	0
330	Berlin SHB	Steinbeis-Hochschule Berlin	Universitäten	privat, staatlich anerkannt	Berlin	6355	1998	Nein	Nein	Ernst-Augustin-Str. 15	12489	Berlin				030	473914500		https://www.steinbeis-hochschule.de/	0
345	Berlin SRH	SRH Berlin University of Applied Sciences	Fachhochschulen / HAW	privat, staatlich anerkannt	Berlin	2657	2002	Nein	Nein	Ernst-Reuter-Platz 10	10587	Berlin				030	515 650-100		https://www.srh-berlin.de/	0
13	Berlin TU	Technische Universität Berlin	Universitäten	öffentlich-rechtlich	Berlin	34224	1879	Ja	Ja	Straße des 17. Juni 135	10623	Berlin				030	314-23922	314-23909	http://www.tu.berlin	1
20	Berlin UdK	Universität der Künste Berlin	Künstlerische Hochschulen	öffentlich-rechtlich	Berlin	4156	1699	Ja	Ja	Einsteinufer 43	10587	Berlin	12 05 44	10595	Berlin	030	3185-0	3185-2659	http://www.udk-berlin.de	1
442	Berlin VICTORIA	VICTORIA | Internationale Hochschule	Fachhochschulen / HAW	privat, staatlich anerkannt	Berlin	618	2011	Nein	Nein	Bernburger Straße 24-25	10963	Berlin				030	206176-70	206176-71	https://www.victoria-hochschule.de/	0
22	Berlin-Weißensee KHB	weißensee kunsthochschule berlin	Künstlerische Hochschulen	öffentlich-rechtlich	Berlin	837	1946	Nein	Nein	Bühringstraße 20	13086	Berlin				030	47705-0	47705-290	http://www.kh-berlin.de	1
26	Biberach H	Hochschule Biberach - Hochschule für Architektur und Bauwesen, Betriebswirtschaft und Biotechnologie	Fachhochschulen / HAW	öffentlich-rechtlich	Baden-Württemberg	2397	1964	Nein	Nein	Karlstraße 11	88400	Biberach	1260	88382	Biberach	07351	582-0	582-119	http://www.hochschule-biberach.de	1
28	Bielefeld FH	Fachhochschule Bielefeld	Fachhochschulen / HAW	öffentlich-rechtlich	Nordrhein-Westfalen	10814	1971	Nein	Nein	Interaktion 1	33619	Bielefeld	101113	33511	Bielefeld	0521	106-01	106-7790	https://www.fh-bielefeld.de	1
375	Bielefeld FHDiakonie	Fachhochschule der Diakonie - Diaconia - University of Applied Sciences	Fachhochschulen / HAW	kirchlich, staatlich anerkannt	Nordrhein-Westfalen	797	2006	Nein	Nein	Bethelweg 8	33617	Bielefeld				0521	144-2700	144-3032	http://www.fh-diakonie.de	0
331	Bielefeld FHM	Fachhochschule des Mittelstands (FHM)	Fachhochschulen / HAW	privat, staatlich anerkannt	Nordrhein-Westfalen	5535	2000	Nein	Nein	Ravensberger Straße 10 G	33602	Bielefeld				0521	9 66 55 10	9 66 55 11	http://www.fh-mittelstand.de/profil	0
27	Bielefeld U	Universität Bielefeld	Universitäten	öffentlich-rechtlich	Nordrhein-Westfalen	24488	1969	Ja	Ja	Universitätsstraße 25	33615	Bielefeld	10 01 31	33501	Bielefeld	0521	106-00	106-5844	http://www.uni-bielefeld.de/	1
304	Bingen TH	Technische Hochschule Bingen	Fachhochschulen / HAW	öffentlich-rechtlich	Rheinland-Pfalz	2490	1897	Nein	Nein	Berlinstraße 109	55411	Bingen				06721	409-0	409-100	www.th-bingen.de	1
397	Bochum EBZ	EBZ Business School - University of Applied Sciences	Fachhochschulen / HAW	privat, staatlich anerkannt	Nordrhein-Westfalen	1159	2008	Nein	Nein	Springorumallee 20	44795	Bochum				0234	9447-700	9447-777	https://www.ebz-business-school.de/	0
30	Bochum H	Hochschule Bochum - University of Applied Sciences	Fachhochschulen / HAW	öffentlich-rechtlich	Nordrhein-Westfalen	8156	1971	Nein	Nein	Am Hochschulcampus 1	44801	Bochum	100741	44707	Bochum	0234	32-202	32-14780	http://www.hochschule-bochum.de	1
423	Bochum HGesundheit	Hochschule für Gesundheit - University of Applied Sciences	Fachhochschulen / HAW	öffentlich-rechtlich	Nordrhein-Westfalen	1789	2009	Nein	Nein	Gesundheitscampus 6-8	44801	Bochum				0234	777270	77727299	http://www.hs-gesundheit.de	1
231	Bochum Rheinland-Westfalen-Lippe EvH	Evangelische Hochschule Rheinland-Westfalen-Lippe	Fachhochschulen / HAW	kirchlich, staatlich anerkannt	Nordrhein-Westfalen	2559	1971	Nein	Nein	Immanuel-Kant-Straße 18-20	44803	Bochum				0234	36901-0	36901-100	http://www.evh-bochum.de	1
31	Bochum TH	Technische Hochschule Georg Agricola	Fachhochschulen / HAW	privat, staatlich anerkannt	Nordrhein-Westfalen	2325	1816	Nein	Nein	Herner Straße 45	44787	Bochum	102749	44782	Bochum	0234	968-02	968-3417	http://www.thga.de	1
29	Bochum U	Ruhr-Universität Bochum	Universitäten	öffentlich-rechtlich	Nordrhein-Westfalen	42089	1962	Ja	Ja	Universitätsstraße 150	44801	Bochum		44780	Bochum	0234	32-22830	32-14131	http://www.ruhr-uni-bochum.de	1
352	Bonn HFinMan	Hochschule für Finanzwirtschaft & Management	Fachhochschulen / HAW	privat, staatlich anerkannt	Nordrhein-Westfalen	795	2003	Nein	Nein	Simrockstraße 4	53113	Bonn				0228	204-9901	204-9903	http://www.s-hochschule.de	0
294	Bonn-Rhein-Sieg H	Hochschule Bonn-Rhein-Sieg, University of Applied Sciences	Fachhochschulen / HAW	öffentlich-rechtlich	Nordrhein-Westfalen	9258	1995	Nein	Nein	Grantham-Allee 20	53757	Sankt Augustin		53757	Sankt Augustin	02241	865-0	865-609	www.h-brs.de	1
32	Bonn U	Rheinische Friedrich-Wilhelms-Universität Bonn	Universitäten	öffentlich-rechtlich	Nordrhein-Westfalen	36805	1818	Ja	Ja	Regina-Pacis-Weg 3	53113	Bonn		53012	Bonn	0228	73-0		http://www.uni-bonn.de	1
471	Brandenburg FHFinanz (Verw)	Fachhochschule für Finanzen Brandenburg	Verwaltungshochschule	öffentlich-rechtlich	Brandenburg	859	1991	Nein	Nein	Schillerstraße 6	15711	Königs Wusterhausen				03375	6720	672300	https://fhf.brandenburg.de/fhf/de/	0
473	Brandenburg FHPol (Verw)	Fachhochschule der Polizei Brandenburg	Verwaltungshochschule	öffentlich-rechtlich	Brandenburg	753	1998	Nein	Nein	Bernauer Str. 146	16515	Oranienburg				03301	850-2222	850-2149	https://hpolbb.de/	0
34	Brandenburg TH	Technische Hochschule Brandenburg	Fachhochschulen / HAW	öffentlich-rechtlich	Brandenburg	2730	1992	Nein	Nein	Magdeburger Straße 50	14770	Brandenburg	21 32	14737	Brandenburg	03381	355-0	355-199	http://www.th-brandenburg.de	1
37	Braunschweig HBK	Hochschule für Bildende Künste Braunschweig	Künstlerische Hochschulen	öffentlich-rechtlich	Niedersachsen	976	1963	Ja	Ja	Johannes-Selenka-Platz 1	38118	Braunschweig	2538	38015	Braunschweig	0531	391-9122	391-9307	https://www.hbk-bs.de	1
35	Braunschweig TU	Technische Universität Carolo-Wilhelmina zu Braunschweig	Universitäten	öffentlich-rechtlich	Niedersachsen	17709	1745	Ja	Ja	Universitätsplatz 2	38106	Braunschweig	33 29	38023	Braunschweig	0531	391-0	391-4577	http://www.tu-braunschweig.de	1
361	Bremen FernFH	APOLLON Hochschule der Gesundheitswirtschaft	Fachhochschulen / HAW	privat, staatlich anerkannt	Bremen	3530	2005	Nein	Nein	Universitätsallee 18	28359	Bremen				0421	0180-2020369	378266-190	http://www.apollon-hochschule.de/redirect.php?id=32	0
40	Bremen H	Hochschule Bremen	Fachhochschulen / HAW	öffentlich-rechtlich	Bremen	8585	1982	Nein	Nein	Neustadtwall 30	28199	Bremen				0421	5905-0	5905-2292	http://www.hs-bremen.de	1
39	Bremen HfK	Hochschule für Künste Bremen	Künstlerische Hochschulen	öffentlich-rechtlich	Bremen	975	1873	Nein	Nein	Am Speicher XI 8	28217	Bremen				0421	9595-1000	9595-2000	http://www.hfk-bremen.de	1
327	Bremen JU	Jacobs University Bremen	Universitäten	privat, staatlich anerkannt	Bremen	1619	1999	Ja	Nein	Campus Ring 1	28759	Bremen				0421	200-4200	200-4113	https://www.jacobs-university.de/	1
38	Bremen U	Universität Bremen	Universitäten	öffentlich-rechtlich	Bremen	17984	1971	Ja	Ja	Bibliothekstraße 1	28359	Bremen	33 04 40	28334	Bremen	0421	218-1	218-4259	http://www.uni-bremen.de	1
470	Bremen VerwH (Verw)	Hochschule für Öffentliche Verwaltung Bremen	Verwaltungshochschule	öffentlich-rechtlich	Bremen	643	1979	Nein	Nein	Doventorscontrescarpe 172c	28195	Bremen				0421	36155296	36159906	www.hfoev.bremen.de	0
41	Bremerhaven H	Hochschule Bremerhaven	Fachhochschulen / HAW	öffentlich-rechtlich	Bremen	2729	1975	Nein	Nein	An der Karlstadt 8	27568	Bremerhaven				0471	4823-0	4823-555	http://www.hs-bremerhaven.de	1
344	Brühl EUFH	Europäische Fachhochschule Rhein/Erft, european university of applied sciences	Fachhochschulen / HAW	privat, staatlich anerkannt	Nordrhein-Westfalen	2840	2001	Nein	Nein	Kaiserstraße 6	50321	Brühl				0800	5673-111	5673-229	http://www.eufh.de	0
469	Brühl HSBund (Verw)	Hochschule des Bundes für öffentliche Verwaltung	Verwaltungshochschule	öffentlich-rechtlich	Nordrhein-Westfalen	8654	1978	Nein	Nein	Willy-Brandt-Straße 1	50321	Brühl	1660	50306	Brühl	0228	99629-0	99629-5100	https://www.hsbund.de/DE/00_Home/home-node.html	0
363	Buxtehude FH	hochschule 21	Fachhochschulen / HAW	privat, staatlich anerkannt	Niedersachsen	1084	2005	Nein	Nein	Harburger Straße 6	21614	Buxtehude				04161	648-0	648-123	https://www.hs21.de	0
42	Chemnitz TU	Technische Universität Chemnitz	Universitäten	öffentlich-rechtlich	Sachsen	9632	1836	Ja	Ja	Straße der Nationen 62	09111	Chemnitz		09107	Chemnitz	0371	531-0	531-1342	http://www.tu-chemnitz.de	1
43	Clausthal TU	Technische Universität Clausthal	Universitäten	öffentlich-rechtlich	Niedersachsen	3446	1775	Ja	Ja	Adolph-Roemer-Straße 2 A	38678	Clausthal-Zellerfeld	12 53	38670	Clausthal-Zellerfeld	05323	72-0	72-3500	https://www.tu-clausthal.de	1
44	Coburg H	Hochschule für angewandte Wissenschaften Coburg	Fachhochschulen / HAW	öffentlich-rechtlich	Bayern	5025	1814	Nein	Nein	Friedrich-Streib-Straße 2	96450	Coburg	1652	96406	Coburg	09561	317-0	317-275	http://www.hs-coburg.de	1
45	Cottbus-Senftenberg TU	Brandenburgische Technische Universität Cottbus-Senftenberg	Universitäten	öffentlich-rechtlich	Brandenburg	6601	2013	Ja	Ja	Platz der Dt. Einheit 1	03046	Cottbus	10 13 44	03013	Cottbus	0355	69-0	69-2768	http://www.b-tu.de	1
48	Darmstadt EvH	Evangelische Hochschule Darmstadt (staatlich anerkannt)  Kirchliche Körperschaft des öffentlichen Rechts	Fachhochschulen / HAW	kirchlich, staatlich anerkannt	Hessen	1478	1971	Nein	Nein	Zweifalltorweg 12	64293	Darmstadt				06151	8798-0	8798-58	http://www.eh-darmstadt.de	1
317	Darmstadt FernH	Wilhelm Büchner Hochschule - Private Fernhochschule Darmstadt	Fachhochschulen / HAW	privat, staatlich anerkannt	Hessen	5442	1997	Nein	Nein	Hilpertstr. 31	64295	Darmstadt	10 01 64	64201	Darmstadt	06151	3842-404	3842-401	http://www.wb-fernstudium.de	0
47	Darmstadt H	Hochschule Darmstadt	Fachhochschulen / HAW	öffentlich-rechtlich	Hessen	16180	1876	Ja	Nein	Schöfferstraße 3	64295	Darmstadt				06151	16-02	16-8949	http://www.h-da.de/	1
46	Darmstadt TU	Technische Universität Darmstadt	Universitäten	öffentlich-rechtlich	Hessen	24969	1877	Ja	Ja	Karolinenplatz 5	64289	Darmstadt		64277	Darmstadt	06151	16-01	16-25082	http://www.tu-darmstadt.de	1
284	Deggendorf TH	Technische Hochschule Deggendorf	Fachhochschulen / HAW	öffentlich-rechtlich	Bayern	8173	1994	Nein	Nein	Dieter-Görlitz-Platz 1	94469	Deggendorf	1320	94453	Deggendorf	0991	3615-0	3615-297	http://www.th-deg.de	1
49	Detmold HfM	Hochschule für Musik Detmold	Künstlerische Hochschulen	öffentlich-rechtlich	Nordrhein-Westfalen	636	1946	Ja	Nein	Neustadt 22	32756	Detmold				05231	975-5	975-972	http://www.hfm-detmold.de/	1
52	Dortmund FH	Fachhochschule Dortmund	Fachhochschulen / HAW	öffentlich-rechtlich	Nordrhein-Westfalen	14740	1890	Nein	Nein	Sonnenstraße 96	44139	Dortmund	10 50 18	44047	Dortmund	0231	9112-0	9112-9313	http://www.fh-dortmund.de	1
285	Dortmund ISM	International School of Management	Fachhochschulen / HAW	privat, staatlich anerkannt	Nordrhein-Westfalen	3377	1990	Nein	Nein	Otto-Hahn-Straße 19	44227	Dortmund				0231	975139-0	975139-39	https://www.ism.de	0
51	Dortmund TU	Technische Universität Dortmund	Universitäten	öffentlich-rechtlich	Nordrhein-Westfalen	32228	1968	Ja	Ja	August-Schmidt-Straße 4	44227	Dortmund		44221	Dortmund	0231	755-1	755-5150	http://www.tu-dortmund.de	1
394	Dresden DIU	DIU - Dresden International University GmbH	Universitäten	privat, staatlich anerkannt	Sachsen	1580	2003	Nein	Nein	Freiberger Straße 37	01067	Dresden				0351	40 470 00	40 470 110	http://www.di-uni.de	0
55	Dresden EvH	Evangelische Hochschule Dresden	Fachhochschulen / HAW	kirchlich, staatlich anerkannt	Sachsen	863	1991	Nein	Nein	Dürerstraße 25	01307	Dresden	20 01 43	01191	Dresden	0351	46902-0	46902-99	www.ehs-dresden.de	0
56	Dresden HfBK	Hochschule für Bildende Künste Dresden	Künstlerische Hochschulen	öffentlich-rechtlich	Sachsen	545	1764	Ja	Nein	Güntzstraße 34	01307	Dresden	160153	01287	Dresden	0351	44020	4590025	http://www.hfbk-dresden.de	1
58	Dresden HfKiM	Hochschule für Kirchenmusik der Evangelisch-Lutherischen Landeskirche Sachsens	Künstlerische Hochschulen	kirchlich, staatlich anerkannt	Sachsen	31	1949	Nein	Nein	Käthe Kollwitz Ufer 97	01309	Dresden				0351	31864-0	31864-22	http://www.kirchenmusik-dresden.de	0
57	Dresden HfM	Hochschule für Musik Carl Maria von Weber Dresden	Künstlerische Hochschulen	öffentlich-rechtlich	Sachsen	751	1856	Ja	Nein	Wettiner Platz 13	01067	Dresden	12 00 39	01001	Dresden	0351	4923-600	4923-657	http://www.hfmdd.de	1
324	Dresden HfTanz	Palucca Hochschule für Tanz Dresden	Künstlerische Hochschulen	öffentlich-rechtlich	Sachsen	170	1925	Nein	Nein	Basteiplatz 4	01277	Dresden				0351	25906-0	25906-11	http://www.palucca.eu	1
54	Dresden HTW	Hochschule für Technik und Wirtschaft Dresden - University of Applied Sciences	Fachhochschulen / HAW	öffentlich-rechtlich	Sachsen	4846	1992	Nein	Nein	Friedrich-List-Platz 1	01069	Dresden	120701	01008	Dresden	0351	462-2215		http://www.htw-dresden.de	1
428	Dresden PFH	Fachhochschule Dresden	Fachhochschulen / HAW	privat, staatlich anerkannt	Sachsen	545	2010	Nein	Nein	Güntzstraße 1	01069	Dresden				0351	44 45 400	44 45 410	http://www.fh-dresden.eu	0
53	Dresden TU	Technische Universität Dresden	Universitäten	öffentlich-rechtlich	Sachsen	28918	1828	Ja	Ja	Mommsenstraße 11	01069	Dresden		01062	Dresden	0351	463-0	463-37284	http://tu-dresden.de	1
71	Duisburg-Essen U	Universität Duisburg-Essen	Universitäten	öffentlich-rechtlich	Nordrhein-Westfalen	41421	2003	Ja	Ja	Universitätsstraße 2	45141	Essen		45117	Essen	0201	183-1	183-2151	http://www.uni-duisburg-essen.de	1
433	Düsseldorf FliednerFH	Fliedner Fachhochschule Düsseldorf	Fachhochschulen / HAW	privat, staatlich anerkannt	Nordrhein-Westfalen	2146	2011	Nein	Nein	Geschwister-Aufricht-Straße 9	40489	Düsseldorf				0211	409-3232	409-3233	http://www.fliedner-fachhochschule.de	0
60	Düsseldorf H	Hochschule Düsseldorf	Fachhochschulen / HAW	öffentlich-rechtlich	Nordrhein-Westfalen	11170	1971	Nein	Nein	Münsterstraße 156	40476	Düsseldorf				0211	4351 0		https://www.hs-duesseldorf.de/studienangebot	1
62	Düsseldorf HfM	Robert-Schumann-Hochschule Düsseldorf	Künstlerische Hochschulen	öffentlich-rechtlich	Nordrhein-Westfalen	923	1935	Ja	Nein	Fischerstraße 110	40476	Düsseldorf				0211	4918-0	4911618	http://www.rsh-duesseldorf.de	1
449	Düsseldorf IST	IST-Hochschule für Management	Fachhochschulen / HAW	privat, staatlich anerkannt	Nordrhein-Westfalen	3957		Nein	Nein	Erkrather Str. 220 a-c	40233	Düsseldorf				0211	86668-0	86668-30	https://www.ist-hochschule.de	0
61	Düsseldorf KuAk	Kunstakademie Düsseldorf	Künstlerische Hochschulen	öffentlich-rechtlich	Nordrhein-Westfalen	577	1814	Ja	Nein	Eiskellerstraße 1	40213	Düsseldorf				0211	1396-0	1396-225	http://www.kunstakademie-duesseldorf.de	1
59	Düsseldorf U	Heinrich-Heine-Universität Düsseldorf	Universitäten	öffentlich-rechtlich	Nordrhein-Westfalen	33943	1965	Ja	Ja	Universitätsstraße 1	40225	Düsseldorf	40204			0211	81-11	342229	http://www.hhu.de	1
64	Eberswalde H	Hochschule für nachhaltige Entwicklung Eberswalde	Fachhochschulen / HAW	öffentlich-rechtlich	Brandenburg	2324	1830	Nein	Nein	Schicklerstr. 5	16225	Eberswalde				03334	657-0	657-136	http://www.hnee.de	1
65	Eichstätt - Ingolstadt U	Katholische Universität Eichstätt - Ingolstadt	Universitäten	kirchlich, staatlich anerkannt	Bayern	5005	1980	Ja	Ja	Ostenstraße 26	85072	Eichstätt		85071	Eichstätt	08421	932- 33 00		http://www.ku.de	1
220	Elmshorn FH Nordakademie	Nordakademie - Staatlich anerkannte private Fachhochschule mit dualen Studiengängen	Fachhochschulen / HAW	privat, staatlich anerkannt	Schleswig-Holstein	2615	1992	Nein	Nein	Köllner Chaussee 11	25337	Elmshorn				04121	4090-0	4090-40	https://www.nordakademie.de	0
407	Elstal ThH	Theologische Hochschule Elstal	Fachhochschulen / HAW	kirchlich, staatlich anerkannt	Brandenburg	59	1880	Nein	Nein	Johann-Gerhard-Oncken-Straße 7	14641	Wustermark				033234	74306	74309	http://www.th-elstal.de/	0
405	Emden/Leer H	Hochschule Emden/Leer	Fachhochschulen / HAW	öffentlich-rechtlich	Niedersachsen	4481	2009	Nein	Nein	Constantiaplatz 4	26723	Emden				04921	807-0	807-1000	http://www.hs-emden-leer.de/	1
67	Erfurt FH	Fachhochschule Erfurt	Fachhochschulen / HAW	öffentlich-rechtlich	Thüringen	4218	1991	Nein	Nein	Altonaer Straße 25	99085	Erfurt	45 01 55	99051	Erfurt	0361	6700-0	6700-703	http://www.fh-erfurt.de	1
517	Erfurt HMU	HMU Health and Medical University	Hochschulen eigenen Typs	privat, staatlich anerkannt	Thüringen	494	2019	Nein	Nein	Nordhäuser Straße 74	99089	Erfurt				0331	74 51 13 00	74 51 131	https://www.health-and-medical-university.de	0
329	Erfurt IU	IU Internationale Hochschule	Fachhochschulen / HAW	privat, staatlich anerkannt	Thüringen	85483	1998	Nein	Nein	Juri-Gagarin-Ring 152	99084	Erfurt				0361	653120-10	653120-11	https://www.iu.de/	1
66	Erfurt U	Universität Erfurt	Universitäten	öffentlich-rechtlich	Thüringen	6052	1994	Ja	Ja	Nordhäuser Straße 63	99089	Erfurt	900221	99105	Erfurt	0361	737-0	737-5029	http://www.uni-erfurt.de	1
70	Erlangen-Nürnberg U	Friedrich-Alexander-Universität Erlangen-Nürnberg	Universitäten	öffentlich-rechtlich	Bayern	37728	1743	Ja	Ja	Schlossplatz 4	91054	Erlangen	3520	91023	Erlangen	09131	85-0	85-22131	http://www.fau.de	1
286	Essen FOM	FOM Hochschule für Oekonomie & Management - University of Applied Sciences	Fachhochschulen / HAW	privat, staatlich anerkannt	Nordrhein-Westfalen	53836	1993	Nein	Nein	Leimkugelstraße 6	45141	Essen				0201	81004-0	81004-180	https://www.fom.de	0
454	Essen HBK	Hochschule der bildenden Künste (HBK) Essen	Künstlerische Hochschulen	privat, staatlich anerkannt	Nordrhein-Westfalen	254	2013	Nein	Nein	Prinz-Friedrich-Str. 28 A	45257	Essen	15 01 19	45241	Essen	0201	95989800	95989801	http://hbk-essen.de/	0
72	Essen UdK	Folkwang Universität der Künste	Künstlerische Hochschulen	öffentlich-rechtlich	Nordrhein-Westfalen	1728	1927	Ja	Nein	Klemensborn 39	45239	Essen	164428	45224	Essen	0201	4903-0	4903-288	http://www.folkwang-uni.de	1
73	Esslingen H	Hochschule Esslingen	Fachhochschulen / HAW	öffentlich-rechtlich	Baden-Württemberg	6436	1868	Nein	Nein	Kanalstraße 33	73728	Esslingen				0711	397-49	397-3100	http://www.hs-esslingen.de	1
447	Ewersbach ThH	Theologisches Hochschule Ewersbach	Fachhochschulen / HAW	kirchlich, staatlich anerkannt	Hessen	77	1912	Nein	Nein	Jahnstraße 49-53	35716	Dietzhölztal				02774	929-0	929-120	http://th-ewersbach.de	0
77	Flensburg H	Hochschule Flensburg	Fachhochschulen / HAW	öffentlich-rechtlich	Schleswig-Holstein	3516	1886	Nein	Nein	Kanzleistraße 91-93	24943	Flensburg	1561	24905	Flensburg	0461	805-01	805-1300	http://www.hs-flensburg.de	1
76	Flensburg U	Europa-Universität Flensburg	Universitäten	öffentlich-rechtlich	Schleswig-Holstein	6390	1946	Ja	Ja	Auf dem Campus 1	24943	Flensburg				0461	805-02	805-2144	http://www.uni-flensburg.de	1
79	Frankfurt am Main FH	Frankfurt University of Applied Sciences	Fachhochschulen / HAW	öffentlich-rechtlich	Hessen	15362	1971	Ja	Nein	Nibelungenplatz 1	60318	Frankfurt am Main				069	1533-0	1533-2400	www.frankfurt-university.de	1
364	Frankfurt am Main FHProvadis	Provadis School of International Management and Technology	Fachhochschulen / HAW	privat, staatlich anerkannt	Hessen	1014	2003	Nein	Nein	Rudolf-Amthauer-Straße	65926	Frankfurt am Main				069	305-81051		http://www.provadis-hochschule.de/	0
83	Frankfurt am Main FSFM	Frankfurt School of Finance & Management	Universitäten	privat, staatlich anerkannt	Hessen	3389	1990	Ja	Nein	Adickesallee 32-34	60322	Frankfurt am Main	10 03 41	60003	Frankfurt am Main	069	154008-0	154008-650	http://www.frankfurt-school.de/home	0
80	Frankfurt am Main HfBK	Hochschule für Bildende Künste (Städelschule)	Künstlerische Hochschulen	öffentlich-rechtlich	Hessen	117	1817	Nein	Nein	Dürerstraße 10	60596	Frankfurt am Main				069	605008-0	605008-66	http://www.staedelschule.de	1
81	Frankfurt am Main HfM	Hochschule für Musik und Darstellende Kunst Frankfurt am Main	Künstlerische Hochschulen	öffentlich-rechtlich	Hessen	916	1878	Ja	Nein	Eschersheimer Landstraße 29-39	60322	Frankfurt am Main				069	154007-0	154007-108	https://www.hfmdk-frankfurt.de	1
82	Frankfurt am Main PhThH	Philosophisch-Theologische Hochschule Sankt Georgen Frankfurt am Main	Universitäten	kirchlich, staatlich anerkannt	Hessen	236	1926	Ja	Ja	Offenbacher Landstraße 224	60599	Frankfurt am Main				069	6061-219	6061-307	http://www.sankt-georgen.de	1
78	Frankfurt am Main U	Johann Wolfgang Goethe-Universität, Frankfurt am Main	Universitäten	öffentlich-rechtlich	Hessen	43461	1914	Ja	Ja	Theodor-W.-Adorno-Platz 1	60323	Frankfurt am Main	111932	60054	Frankfurt am Main	069	798-0	798-18383	http://www.uni-frankfurt.de	1
524	Frankfurt am Main UoL	University of Labour	Fachhochschulen / HAW	privat, staatlich anerkannt	Hessen	11	2021	Nein	Nein	Eschersheimer Landstr. 155-157	60323	Frankfurt am Main				069	905503 780	905503 789	https://www.university-of-labour.de/	0
84	Frankfurt (Oder) U	Europa-Universität Viadrina Frankfurt (Oder)	Universitäten	öffentlich-rechtlich	Brandenburg	5207	1991	Ja	Ja	Große Scharrnstraße 59	15230	Frankfurt (Oder)				0335	5534 4444		https://www.europa-uni.de	1
85	Freiberg TUBergAk	Technische Universität Bergakademie Freiberg	Universitäten	öffentlich-rechtlich	Sachsen	3560	1765	Ja	Ja	Akademiestraße 6	09599	Freiberg		09596	Freiberg	03731	39-0	22195	http://tu-freiberg.de	1
89	Freiburg EvHS	Evangelische Hochschule Freiburg, staatlich anerkannte Hochschule der Evangelischen Landeskirche in Baden	Fachhochschulen / HAW	kirchlich, staatlich anerkannt	Baden-Württemberg	910	1971	Nein	Nein	Bugginger Straße 38	79114	Freiburg		79114	Freiburg	0761	47812-290		https://www.eh-freiburg.de	1
90	Freiburg HfM	Hochschule für Musik Freiburg im Breisgau	Künstlerische Hochschulen	öffentlich-rechtlich	Baden-Württemberg	564	1946	Ja	Nein	Mendelssohn-Bartholdy-Platz 1	79102	Freiburg		79095	Freiburg	0761	31915-0	31915-42	https://www.mh-freiburg.de	1
88	Freiburg KathHS	Katholische Hochschule Freiburg, staatlich anerkannte Hochschule - Catholic University of Applied Sciences	Fachhochschulen / HAW	kirchlich, staatlich anerkannt	Baden-Württemberg	1838	1971	Nein	Nein	Karlstraße 63	79104	Freiburg				0761	200-1400		www.kh-freiburg.de	1
87	Freiburg PH	Pädagogische Hochschule Freiburg	Universitäten	öffentlich-rechtlich	Baden-Württemberg	4972	1962	Ja	Ja	Kunzenweg 21	79117	Freiburg		79117	Freiburg	0761	682-333	682-402	http://www.ph-freiburg.de	1
86	Freiburg U	Albert-Ludwigs-Universität Freiburg im Breisgau	Universitäten	öffentlich-rechtlich	Baden-Württemberg	23938	1457	Ja	Ja	Fahnenbergplatz	79085	Freiburg		79085	Freiburg	0761	203-0	203-8866	https://www.uni-freiburg.de	1
91	Friedensau ThH	Theologische Hochschule Friedensau	Universitäten	kirchlich, staatlich anerkannt	Sachsen-Anhalt	210	1899	Nein	Nein	An der Ihle 19	39291	Friedensau				03921	916-0	916-120	https://www.thh-friedensau.de/	0
351	Friedrichshafen ZU	Zeppelin Universität - Hochschule zwischen Wirtschaft, Kultur und Politik	Universitäten	privat, staatlich anerkannt	Baden-Württemberg	763	2003	Ja	Ja	Am Seemoser Horn 20	88045	Friedrichshafen				07541	6009-2000	6009-1199	http://www.zu.de	0
92	Fulda H	Hochschule Fulda - University of Applied Sciences	Fachhochschulen / HAW	öffentlich-rechtlich	Hessen	9289	1974	Ja	Nein	Leipziger Straße 123	36037	Fulda	22 54	36012	Fulda	0661	9640-0		www.hs-fulda.de	1
93	Fulda ThFak	Theologische Fakultät Fulda	Universitäten	kirchlich, staatlich anerkannt	Hessen	36	1734	Ja	Ja	Eduard-Schick-Platz 2	36037	Fulda				0661	87-220	87-224	http://www.thf-fulda.de	1
445	Fürth WLH	SRH Wilhelm Löhe Hochschule	Fachhochschulen / HAW	privat, staatlich anerkannt	Bayern	372		Nein	Nein	Merkurstraße 19, Südstadtpark	90763	Fürth				0911	766069-0		https://www.srh-hochschule-fuerth.de/	0
94	Furtwangen H	Hochschule Furtwangen - Informatik, Technik, Wirtschaft, Medien, Gesundheit	Fachhochschulen / HAW	öffentlich-rechtlich	Baden-Württemberg	5700	1850	Nein	Nein	Robert-Gerwig-Platz 1	78120	Furtwangen	1152	78113	Furtwangen	07723	920-0	920-1109	http://www.hs-furtwangen.de	1
446	Geisenheim H	Hochschule Geisenheim	Hochschulen eigenen Typs	öffentlich-rechtlich	Hessen	1817	2013	Ja	Nein	Von-Lade-Straße 1	65366	Geisenheim				06722	502-0	502-212	http://www.hs-geisenheim.de	1
487	Gera-Eisenach DH	Duale Hochschule Gera-Eisenach	Hochschulen eigenen Typs	öffentlich-rechtlich	Thüringen	1390	2016	Nein	Nein	Weg der Freundschaft 4	07546	Gera				0365	43410	4341103	www.dhge.de	1
374	Gera H	SRH Hochschule für Gesundheit	Fachhochschulen / HAW	privat, staatlich anerkannt	Thüringen	1465	2007	Nein	Nein	Neue Straße 28 - 30	07548	Gera				0365	773407-0	773407-77	https://www.srh-gesundheitshochschule.de/	0
395	Giessen FThH	Freie Theologische Hochschule Gießen	Fachhochschulen / HAW	privat, staatlich anerkannt	Hessen	196	1974	Nein	Nein	Rathenaustraße 5-7	35394	Gießen				0641	979700	9797039	http://www.fthgiessen.de	0
96	Giessen U	Justus-Liebig-Universität Gießen	Universitäten	öffentlich-rechtlich	Hessen	27184	1607	Ja	Ja	Ludwigstraße 23	35390	Gießen	11 14 40	35359	Gießen	0641	99-0	99-12259	http://www.uni-giessen.de	1
299	Göttingen PFH	PFH - Private Hochschule Göttingen	Fachhochschulen / HAW	privat, staatlich anerkannt	Niedersachsen	4226	1995	Nein	Nein	Weender Landstr. 3-7	37073	Göttingen				0551	54700-600	54700-190	www.pfh.de	0
98	Göttingen U	Georg-August-Universität Göttingen	Universitäten	öffentlich-rechtlich	Niedersachsen	28614	1737	Ja	Ja	Wilhelmsplatz 1	37073	Göttingen	3744	37027	Göttingen	0551	39-0	39-4135	http://www.uni-goettingen.de	1
99	Greifswald U	Universität Greifswald	Universitäten	öffentlich-rechtlich	Mecklenburg-Vorpommern	10366	1456	Ja	Ja	Domstraße 11	17489	Greifswald				03834	420 0	420 1105	http://www.uni-greifswald.de	1
370	Hachenburg HBundesbank (Verw)	Hochschule der Deutschen Bundesbank	Verwaltungshochschule	öffentlich-rechtlich	Rheinland-Pfalz	429	1980	Nein	Nein	Schloss	57627	Hachenburg		57620	Hachenburg	02662	83-1	83-499	http://www.hochschule-bundesbank.de	0
100	Hagen FernU	FernUniversität in Hagen	Universitäten	öffentlich-rechtlich	Nordrhein-Westfalen	67689	1974	Ja	Ja	Universitätsstraße 47	58097	Hagen		58084	Hagen	02331	987-2444	987-1739	https://www.fernuni-hagen.de	1
103	Halle HfKiM	Evangelische Hochschule für Kirchenmusik	Künstlerische Hochschulen	kirchlich, staatlich anerkannt	Sachsen-Anhalt	53	1926	Nein	Nein	Kleine Ulrichstraße 35	06108	Halle				0345	21969-0	21969-29	http://www.ehk-halle.de	0
102	Halle KuH	Burg Giebichenstein Kunsthochschule Halle	Künstlerische Hochschulen	öffentlich-rechtlich	Sachsen-Anhalt	1166	1915	Ja	Nein	Neuwerk 7	06108	Halle	20 02 52	06003	Halle	0345	7751-50	7751-569	http://www.burg-halle.de	1
101	Halle-Wittenberg U	Martin-Luther-Universität Halle-Wittenberg	Universitäten	öffentlich-rechtlich	Sachsen-Anhalt	20758	1502	Ja	Ja	Universitätsplatz 11	06108	Halle				0345	55-21308	55-27052	www.uni-halle.de	1
475	Hamburg AkFinanz (Verw)	Norddeutsche Akademie für Finanzen und Steuerrecht	Verwaltungshochschule	öffentlich-rechtlich	Hamburg	346	2010	Nein	Nein	Hammer Steindamm 129	20535	Hamburg				040	4042859-4000	404273-13697	https://www.hamburg.de/fb/norddeutsche-akademie-fuer-finanzen-und-steuerrecht-hamburg/	0
474	Hamburg AkPol (Verw)	Akademie der Polizei Hamburg	Verwaltungshochschule	öffentlich-rechtlich	Hamburg	703	2013	Nein	Nein	Carl-Cohn-Straße 39	22297	Hamburg				040	427427		https://akademie-der-polizei.hamburg.de/studium/	0
519	Hamburg BHH	Berufliche Hochschule Hamburg (BHH)	Hochschulen eigenen Typs	öffentlich-rechtlich	Hamburg	100	2020	Nein	Nein	Anckelmannstraße 10	20537	Hamburg				040	428791-199		https://bhh.hamburg.de/	0
326	Hamburg BLS	Bucerius Law School, Hochschule für Rechtswissenschaft	Universitäten	privat, staatlich anerkannt	Hamburg	861	2000	Ja	Ja	Jungiusstraße 6	20355	Hamburg	30 10 30	20304	Hamburg	040	30706-0	30706-145	https://www.law-school.de	1
350	Hamburg EFH	Europäische Fernhochschule Hamburg	Fachhochschulen / HAW	privat, staatlich anerkannt	Hamburg	9417	2003	Nein	Nein	Doberaner Weg 20-22	22143	Hamburg				040	67570-700	67570-710	http://www.euro-fh.de	0
108	Hamburg EvH	Evangelische Hochschule für Soziale Arbeit & Diakonie	Fachhochschulen / HAW	kirchlich, staatlich anerkannt	Hamburg	686	1971	Nein	Nein	Horner Weg 170	22111	Hamburg				040	65591-181	65591-228	http://www.ev-hochschule-hh.de	1
316	Hamburg FernH	Hamburger Fern-Hochschule, gemeinnützige GmbH	Fachhochschulen / HAW	privat, staatlich anerkannt	Hamburg	13629	1997	Nein	Nein	Alter Teichweg 19	22081	Hamburg		22081	Hamburg	040	35094360	4035094-310	https://www.hfh-fernstudium.de	0
422	Hamburg FHBrand	Brand University of Applied Sciences	Fachhochschulen / HAW	privat, staatlich anerkannt	Hamburg	350	2010	Nein	Nein	Rainvilleterrasse 4	22765	Hamburg				040	380 893 560	380 893 56 20	www.brand-university.de	0
107	Hamburg HAW	Hochschule für Angewandte Wissenschaften Hamburg	Fachhochschulen / HAW	öffentlich-rechtlich	Hamburg	16827	1970	Nein	Nein	Berliner Tor 5	20099	Hamburg	10 20 31	20014	Hamburg	040	42875-9898	42875-9149	http://www.haw-hamburg.de	1
362	Hamburg HCU	HafenCity Universität Hamburg	Universitäten	öffentlich-rechtlich	Hamburg	2459	2006	Ja	Ja	Henning-Voscherau-Platz 1	20457	Hamburg				040	42827-5354		http://www.hcu-hamburg.de	1
109	Hamburg HfBK	Hochschule für Bildende Künste Hamburg	Künstlerische Hochschulen	öffentlich-rechtlich	Hamburg	951	1767	Ja	Nein	Lerchenfeld 2	22081	Hamburg				040	428989-0		http://www.hfbk-hamburg.de	1
110	Hamburg HfM	Hochschule für Musik und Theater Hamburg	Künstlerische Hochschulen	öffentlich-rechtlich	Hamburg	1485	1950	Ja	Nein	Harvestehuder Weg 12	20148	Hamburg				040	42848-201	42848-2666	http://www.hfmt-hamburg.de	1
358	Hamburg HSBA	HSBA Hamburg School of Business Administration	Fachhochschulen / HAW	privat, staatlich anerkannt	Hamburg	1009	2004	Nein	Nein	Willy-Brandt-Straße 75	20459	Hamburg				040	822160-900		http://www.hsba.de	0
429	Hamburg KLU	Kühne Logistics University - Wissenschaftliche Hochschule für Logistik und Unternehmensführung	Universitäten	privat, staatlich anerkannt	Hamburg	379	2010	Ja	Nein	Großer Grasbrook 17	20457	Hamburg		20457	Hamburg	040	328707-0	328707-109	www.the-klu.org	0
421	Hamburg MSH	MSH Medical School Hamburg - University of Applied Sciences and Medical University	Hochschulen eigenen Typs	privat, staatlich anerkannt	Hamburg	4303	2009	Nein	Nein	Am Kaiserkai 1	20457	Hamburg		20457	Hamburg	040	36122640	361226430 	http://www.medicalschool-hamburg.de	0
460	Hamburg NBS	NBS Northern Business School  University of Applied Sciences	Fachhochschulen / HAW	privat, staatlich anerkannt	Hamburg	899	2007	Nein	Nein	Holstenhofweg 62	22043	Hamburg				040	35700340	35700343	http://www.nbs.de	0
105	Hamburg TU	Technische Universität Hamburg	Universitäten	öffentlich-rechtlich	Hamburg	7976	1978	Ja	Ja	Am Schwarzenberg-Campus 3 (E)	21073	Hamburg				040	42878-0		http://www.tuhh.de/	1
104	Hamburg U	Universität Hamburg	Universitäten	öffentlich-rechtlich	Hamburg	43103	1919	Ja	Ja	Mittelweg 177	20148	Hamburg				040	42838-7000	42838-6594	http://www.uni-hamburg.de	1
106	Hamburg UBw	Helmut-Schmidt-Universität/Universität der Bundeswehr Hamburg	Universitäten	öffentlich-rechtlich	Hamburg	2863	1972	Ja	Ja	Holstenhofweg 85	22043	Hamburg	70 08 22	22039	Hamburg	040	6541-0	6541-2702	http://www.hsu-hh.de	1
399	Hamm-Lippstadt H	Hochschule Hamm-Lippstadt	Fachhochschulen / HAW	öffentlich-rechtlich	Nordrhein-Westfalen	5971	2009	Nein	Nein	Marker Allee 76-78	59063	Hamm				02381	8789-234		http://www.hshl.de	1
311	Hannover FHDW	Fachhochschule für die Wirtschaft Hannover	Fachhochschulen / HAW	privat, staatlich anerkannt	Niedersachsen	641	1996	Nein	Nein	Freundallee 15	30173	Hannover				0511	28483-70	28483-72	http://www.fhdw-hannover.de/	0
115	Hannover H	Hochschule Hannover	Fachhochschulen / HAW	öffentlich-rechtlich	Niedersachsen	9209	1971	Nein	Nein	Expo Plaza 4	30539	Hannover	721154	30531	Hannover	0511	9296-0	9296-1010	https://www.hs-hannover.de	1
117	Hannover HfMTM	Hochschule für Musik, Theater und Medien Hannover	Künstlerische Hochschulen	öffentlich-rechtlich	Niedersachsen	1409	1897	Ja	Ja	Neues Haus 1	30175	Hannover				0511	3100-200	3100-7200	http://www.hmtm-hannover.de	1
439	Hannover LeibnizFH	Leibniz-Fachhochschule	Fachhochschulen / HAW	privat, staatlich anerkannt	Niedersachsen	589	1920	Nein	Nein	Expo Plaza 11	30539	Hannover				0511	95784-12	95784-13	http://www.leibniz-fh.de	0
112	Hannover MedH	Medizinische Hochschule Hannover (MHH)	Universitäten	öffentlich-rechtlich	Niedersachsen	3778	1963	Ja	Ja	Carl-Neuberg-Str. 1	30625	Hannover		30623	Hannover	0511	532-0	532-5550	http://www.mh-hannover.de	1
113	Hannover TiHo	Stiftung Tierärztliche Hochschule Hannover	Universitäten	öffentlich-rechtlich	Niedersachsen	2381	1778	Ja	Ja	Bünteweg 2	30559	Hannover	71 11 80	30545	Hannover	0511	953-60	953-8050	http://www.tiho-hannover.de	1
114	Hannover U	Gottfried Wilhelm Leibniz Universität Hannover	Universitäten	öffentlich-rechtlich	Niedersachsen	28935	1831	Ja	Ja	Welfengarten 1	30167	Hannover	6009	30060	Hannover	0511	762-0	762-3456	http://www.uni-hannover.de	1
118	Harz H	Hochschule Harz, Hochschule für angewandte Wissenschaften (FH)	Fachhochschulen / HAW	öffentlich-rechtlich	Sachsen-Anhalt	3183	1991	Ja	Nein	Friedrichstraße 57-59	38855	Wernigerode				03943	659-0	659-109	http://www.hs-harz.de	1
122	Heidelberg H	SRH Hochschule Heidelberg - Staatlich anerkannte Fachhochschule	Fachhochschulen / HAW	privat, staatlich anerkannt	Baden-Württemberg	3244	1969	Nein	Nein	Ludwig-Guttmann-Str. 6	69123	Heidelberg	10 14 09	69004	Heidelberg	06221	6799-799	6799-1	http://www.hochschule-heidelberg.de/?utm_source=WKZ-HD5003AA04	1
121	Heidelberg HfJS	Hochschule für Jüdische Studien Heidelberg	Universitäten	privat, staatlich anerkannt	Baden-Württemberg	111	1979	Ja	Nein	Landfriedstraße 12	69117	Heidelberg				06221	5419200	5419209	http://www.hfjs.eu	1
124	Heidelberg HfKiM	Hochschule für Kirchenmusik der Evangelischen Landeskirche in Baden	Künstlerische Hochschulen	kirchlich, staatlich anerkannt	Baden-Württemberg	46	1931	Nein	Nein	Hildastr. 8	69115	Heidelberg				06221	27062	21876	http://www.hfk-heidelberg.de	0
440	Heidelberg HFresen	Hochschule Fresenius Heidelberg  staatlich anerkannte Hochschule der Hochschule Fresenius für Internationales Management GmbH	Fachhochschulen / HAW	privat, staatlich anerkannt	Baden-Württemberg	687	2012	Nein	Nein	Sickingenstraße 63-65	69126	Heidelberg				06221	6442-0	6442-42	https://www.hs-fresenius.de/standort/heidelberg/	0
120	Heidelberg PH	Pädagogische Hochschule Heidelberg	Universitäten	öffentlich-rechtlich	Baden-Württemberg	5110	1904	Ja	Ja	Keplerstraße 87	69120	Heidelberg	104240	69032	Heidelberg	06221	477-0	477-432	http://www.ph-heidelberg.de	1
119	Heidelberg U	Ruprecht-Karls-Universität Heidelberg	Universitäten	öffentlich-rechtlich	Baden-Württemberg	28448	1386	Ja	Ja	Seminarstraße 2	69117	Heidelberg	105760	69047	Heidelberg	06221	54-0		http://www.uni-heidelberg.de	1
125	Heilbronn H	Hochschule Heilbronn, Technik, Wirtschaft, Informatik	Fachhochschulen / HAW	öffentlich-rechtlich	Baden-Württemberg	8539	1961	Nein	Nein	Max-Planck-Straße 39	74081	Heilbronn				07131	504-0	252470	http://www.hs-heilbronn.de	1
126	Herford HfKiM	Hochschule für Kirchenmusik der Evangelischen Kirche von Westfalen	Künstlerische Hochschulen	kirchlich, staatlich anerkannt	Nordrhein-Westfalen	56	1948	Nein	Nein	Parkstr. 6	32049	Herford				05221	991450		https://www.hochschule-kirchenmusik.de	0
444	Hermannsburg FIT	Fachhochschule für Interkulturelle Theologie Hermannsburg	Fachhochschulen / HAW	privat, staatlich anerkannt	Niedersachsen	91	2012	Nein	Nein	Missionsstraße 3-5	29320	Hermannsburg				05052	48101-0	48101-99	http://www.fh-hermannsburg.de/	0
477	Hessen HFinanz/Recht (Verw)	Hessische Hochschule für Finanzen und Rechtspflege Rotenburg a.d. Fulda	Verwaltungshochschule	öffentlich-rechtlich	Hessen	2067	2006	Nein	Nein	Josef-Durstewitz Straße 2-6	36199	Rotenburg				06623	9320		https://studienzentrum-rotenburg.hessen.de/hhfr	0
408	Hessen HOeffManagement(Verw)	Hessische Hochschule für öffentliches Management und Sicherheit	Verwaltungshochschule	öffentlich-rechtlich	Hessen	4394	1980	Nein	Nein	Schönbergstraße 100	65199	Wiesbaden				0611	32562911		https://hoems.hessen.de/	0
127	Hildesheim U	Universität Hildesheim	Universitäten	öffentlich-rechtlich	Niedersachsen	8378	1978	Ja	Ja	Universitätsplatz 1	31141	Hildesheim	101363	31113	Hildesheim	05121	883 0	883 91427	http://www.uni-hildesheim.de	1
128	Hildesh./Holzm./Göttingen H	HAWK Hochschule für angewandte Wissenschaft und Kunst Hildesheim/Holzminden/Göttingen	Fachhochschulen / HAW	öffentlich-rechtlich	Niedersachsen	6495	1971	Nein	Nein	Hohnsen 4	31134	Hildesheim				05121	881-0		https://www.hawk.de/de	1
287	Hof H	Hochschule für Angewandte Wissenschaften Hof	Fachhochschulen / HAW	öffentlich-rechtlich	Bayern	3650	1994	Nein	Nein	Alfons-Goppel-Platz 1	95028	Hof				09281	409-3000	409-4000	http://www.hof-university.de	1
129	Hohenheim U	Universität Hohenheim	Universitäten	öffentlich-rechtlich	Baden-Württemberg	8392	1818	Ja	Ja	Schloss Hohenheim 1	70599	Stuttgart				0711	459-0	459-23960	http://www.uni-hohenheim.de	1
271	Idstein HFresen	Hochschule Fresenius	Fachhochschulen / HAW	privat, staatlich anerkannt	Hessen	17045	1848	Nein	Nein	Limburger Straße 2	65510	Idstein					0800 3400400		https://www.hs-fresenius.de/studienberatung/?crmid=aBbWvOcDaAaAaAaA	0
130	Ilmenau TU	Technische Universität Ilmenau	Universitäten	öffentlich-rechtlich	Thüringen	4889	1894	Ja	Ja	Ehrenbergstraße 29	98693	Ilmenau	100565	98684	Ilmenau	03677	69-0	69-5009	http://www.tu-ilmenau.de	1
288	Ingolstadt TH	Technische Hochschule Ingolstadt	Fachhochschulen / HAW	öffentlich-rechtlich	Bayern	6342	1994	Nein	Nein	Esplanade 10	85049	Ingolstadt	21 04 54	85019	Ingolstadt	0841	9348-0	9348-2000	http://www.thi.de	1
369	Ismaning HAM	Hochschule für angewandtes Management	Fachhochschulen / HAW	privat, staatlich anerkannt	Bayern	3936	2004	Nein	Nein	Steinheilstraße 4	85737	Ismaning				089	4535457-0	4535457-999	http://www.fham.de	0
134	Jena H	Ernst-Abbe-Hochschule Jena - University of Applied Sciences	Fachhochschulen / HAW	öffentlich-rechtlich	Thüringen	4534	1991	Nein	Nein	Carl-Zeiss-Promenade 2	07745	Jena	10 03 14	07703	Jena	03641	2050		https://www.eah-jena.de/	1
133	Jena U	Friedrich-Schiller-Universität Jena	Universitäten	öffentlich-rechtlich	Thüringen	17345	1558	Ja	Ja	Fürstengraben 1	07743	Jena		07737	Jena	03641	9401000	9414242	http://www.uni-jena.de	1
306	Kaiserslautern H	Hochschule Kaiserslautern (University of Applied Sciences)	Fachhochschulen / HAW	öffentlich-rechtlich	Rheinland-Pfalz	6178	1996	Nein	Nein	Schoenstr. 11	67659	Kaiserslautern	1573	67604	Kaiserslautern	0631	3724-0	3724-2105	www.hs-kl.de	1
135	Kaiserslautern-Landau RPTU	Rheinland-Pfälzische Technische Universität Kaiserslautern-Landau	Universitäten	öffentlich-rechtlich	Rheinland-Pfalz		1970	Ja	Ja	Gottlieb-Daimler-Straße 47	67663	Kaiserslautern	3049	67653	Kaiserslautern	0631	205-0	205-3200	https://www.rptu.de/	1
139	Karlsruhe AkdBK	Staatliche Akademie der Bildenden Künste Karlsruhe	Künstlerische Hochschulen	öffentlich-rechtlich	Baden-Württemberg	341	1854	Ja	Nein	Reinhold-Frank-Straße 67	76133	Karlsruhe	111209	76062	Karlsruhe	0721	926-5210	926-5213	http://www.kunstakademie-karlsruhe.de	1
138	Karlsruhe H	Hochschule Karlsruhe - Technik und Wirtschaft	Fachhochschulen / HAW	öffentlich-rechtlich	Baden-Württemberg	7263	1878	Nein	Nein	Moltkestraße 30	76133	Karlsruhe	24 40	76012	Karlsruhe	0721	925-0	925-2000	http://www.h-ka.de	1
140	Karlsruhe HfGest	Staatliche Hochschule für Gestaltung Karlsruhe	Künstlerische Hochschulen	öffentlich-rechtlich	Baden-Württemberg	390	1992	Ja	Nein	Lorenzstr. 15	76135	Karlsruhe				0721	8203-0	8203-2159	http://www.hfg-karlsruhe.de	1
141	Karlsruhe HfM	Hochschule für Musik Karlsruhe	Künstlerische Hochschulen	öffentlich-rechtlich	Baden-Württemberg	568	1812	Ja	Nein	Am Schloss Gottesaue 7	76131	Karlsruhe	60 40	76040	Karlsruhe	0721	6629-0	6629-266	http://www.hfm-karlsruhe.de	1
359	Karlsruhe KIU	Karlshochschule International University - staatlich anerkannte Hochschule der Karlshochschule gemeinnützige GmbH Karlsruhe	Fachhochschulen / HAW	privat, staatlich anerkannt	Baden-Württemberg	490	2005	Nein	Nein	Karlstraße 36 - 38	76133	Karlsruhe				0721	48095 0	48095 101	http://www.karlshochschule.de	0
137	Karlsruhe PH	Pädagogische Hochschule Karlsruhe	Universitäten	öffentlich-rechtlich	Baden-Württemberg	3533	1962	Ja	Ja	Bismarckstraße 10	76133	Karlsruhe	11 10 62	76060	Karlsruhe	0721	925-3	925-4000	http://www.ph-karlsruhe.de	1
136	Karlsruhe U KIT	Karlsruher Institut für Technologie	Universitäten	öffentlich-rechtlich	Baden-Württemberg	21850	2009	Ja	Ja	Kaiserstraße 12	76131	Karlsruhe	6980	76049	Karlsruhe	0721	608-0	608-44290	http://www.kit.edu	1
418	Kassel CVJM	CVJM-Hochschule Kassel	Fachhochschulen / HAW	privat, staatlich anerkannt	Hessen	464	2009	Nein	Nein	Hugo-Preuß-Straße 40	34131	Kassel				0561	3087-500	3087-501	http://www.cvjm-hochschule.de/	0
142	Kassel U	Universität Kassel	Universitäten	öffentlich-rechtlich	Hessen	23552	1971	Ja	Ja	Mönchebergstraße 19	34125	Kassel		34109	Kassel	0561	804-0	804-2330	http://www.uni-kassel.de	1
143	Kempten H	Hochschule für angewandte Wissenschaften Kempten	Fachhochschulen / HAW	öffentlich-rechtlich	Bayern	5337	1977	Nein	Nein	Bahnhofstraße 61	87435	Kempten	16 80	87406	Kempten	0831	2523-0	2523-104	http://www.hs-kempten.de	1
145	Kiel FH	Fachhochschule Kiel	Fachhochschulen / HAW	öffentlich-rechtlich	Schleswig-Holstein	7858	1969	Nein	Nein	Sokratesplatz 1	24149	Kiel				0431	210-0	210-1900	http://www.fh-kiel.de	1
289	Kiel KuH	Muthesius Kunsthochschule	Künstlerische Hochschulen	öffentlich-rechtlich	Schleswig-Holstein	649	1994	Ja	Nein	Legienstraße 35	24103	Kiel				0431	5198-400	5198-408	http://www.muthesius-kunsthochschule.de/de/	1
144	Kiel U	Christian-Albrechts-Universität zu Kiel	Universitäten	öffentlich-rechtlich	Schleswig-Holstein	27468	1665	Ja	Ja	Christian-Albrechts-Platz 4	24118	Kiel				0431	880-00	880-7333	http://www.uni-kiel.de	1
468	Koblenz CH	Cusanus Hochschule für Gesellschaftsgestaltung	Hochschulen eigenen Typs	privat, staatlich anerkannt	Rheinland-Pfalz	146	2015	Nein	Nein	Kornpfortstraße 15	56068	Koblenz				0261	20439199		www.cusanus-hochschule.de	0
305	Koblenz H	Hochschule Koblenz	Fachhochschulen / HAW	öffentlich-rechtlich	Rheinland-Pfalz	9621	1996	Nein	Nein	Konrad-Zuse-Straße 1	56075	Koblenz				0261	9528-0	9528-567	http://www.hs-koblenz.de	1
146	Koblenz U	Universität Koblenz	Universitäten	öffentlich-rechtlich	Rheinland-Pfalz		1990	Ja	Ja	Universitätsstraße 1	56070	Koblenz				0261	2870		https://www.uni-koblenz.de/de	1
414	Köln CBS	CBS International Business School - University of Applied Sciences	Fachhochschulen / HAW	privat, staatlich anerkannt	Nordrhein-Westfalen	1814	1993	Nein	Nein	Hardefuststraße 1	50677	Köln				0221	931809-31		https://cbs.de/x/ADXr-	0
148	Köln DSHS	Deutsche Sporthochschule Köln	Universitäten	öffentlich-rechtlich	Nordrhein-Westfalen	5808	1947	Ja	Ja	Am Sportpark Müngersdorf 6	50933	Köln		50927	Köln	0221	4982-0	4982-8330	http://www.dshs-koeln.de	1
153	Köln HfMT	Hochschule für Musik und Tanz Köln	Künstlerische Hochschulen	öffentlich-rechtlich	Nordrhein-Westfalen	1502	1845	Ja	Nein	Unter Krahnenbäumen 87	50668	Köln				0221	28380-0	28380-179	http://www.hfmt-koeln.de	1
241	Köln KHKT	Kölner Hochschule für Katholische Theologie (KHKT)	Universitäten	kirchlich, staatlich anerkannt	Nordrhein-Westfalen	59		Ja	Nein	Gleuelerstraße 262-268	50935	Köln				0221	58981 100		www.khkt.de	0
520	Köln KolpingH	Kolping Hochschule	Fachhochschulen / HAW	privat, staatlich anerkannt	Nordrhein-Westfalen	19	2019	Nein	Nein	Im Mediapark 5	50670	Köln				0221	717909-90		https://www.kolping-hochschule.de/	0
152	Köln KuHMedien	Kunsthochschule für Medien Köln	Künstlerische Hochschulen	öffentlich-rechtlich	Nordrhein-Westfalen	398	1990	Ja	Nein	Peter-Welter-Platz 2	50676	Köln				0221	20189-0		http://www.khm.de	1
150	Köln RheinFH	Rheinische Fachhochschule Köln	Fachhochschulen / HAW	privat, staatlich anerkannt	Nordrhein-Westfalen	6167	1958	Nein	Nein	Schaevenstrasse 1a-b	50676	Köln				0221	20302-0	20302-6100	http://www.rfh-koeln.de	1
149	Köln TH	Technische Hochschule Köln	Fachhochschulen / HAW	öffentlich-rechtlich	Nordrhein-Westfalen	25672	1971	Nein	Nein	Claudiusstraße 1	50678	Köln				0221	8275-0	8275-3131	http://www.th-koeln.de	1
147	Köln U	Universität zu Köln	Universitäten	öffentlich-rechtlich	Nordrhein-Westfalen	52130	1388	Ja	Ja	Albertus-Magnus-Platz	50931	Köln		50923	Köln	0221	470-0	470-5151	https://uni-koeln.de	1
338	Konstanz AllensbachH	Allensbach Hochschule Konstanz,  staatlich anerkannte Hochschule der European Education Group GmbH	Fachhochschulen / HAW	privat, staatlich anerkannt	Baden-Württemberg	498	1996	Nein	Nein	Lohnerhofstraße 2	78467	Konstanz		78467	Konstanz	07533	919 23 90	919 23 91	https://www.allensbach-hochschule.de/	0
155	Konstanz H	Hochschule Konstanz Technik, Wirtschaft und Gestaltung	Fachhochschulen / HAW	öffentlich-rechtlich	Baden-Württemberg	4670	1906	Nein	Nein	Alfred-Wachtel-Straße 8	78462	Konstanz			Konstanz	07531	206-0	206-400	http://www.htwg-konstanz.de	1
154	Konstanz U	Universität Konstanz	Universitäten	öffentlich-rechtlich	Baden-Württemberg	10939	1966	Ja	Ja	Universitätsstraße 10	78464	Konstanz		78457	Konstanz	07531	88-0	88-3688	https://www.uni-konstanz.de/	1
157	Landshut H	Hochschule Landshut - Hochschule für angewandte Wissenschaften	Fachhochschulen / HAW	öffentlich-rechtlich	Bayern	4533	1978	Nein	Nein	Am Lurzenhof 1	84036	Landshut				0871	506-0	506-506	http://www.haw-landshut.de	1
164	Leipzig HfGuB	Hochschule für Grafik und Buchkunst Leipzig	Künstlerische Hochschulen	öffentlich-rechtlich	Sachsen	170	1764	Ja	Nein	Wächterstraße 11	04107	Leipzig	10 08 05	04008	Leipzig	0341	2135-0	2135-166	http://www.hgb-leipzig.de	1
295	Leipzig HHL	HHL Leipzig Graduate School of Management	Universitäten	privat, staatlich anerkannt	Sachsen	747	1898	Ja	Ja	Jahnallee 59	04109	Leipzig		04109	Leipzig	0341	9851-60	9851-679	http://www.hhl.de	1
162	Leipzig HMT	"Hochschule für Musik und Theater Felix Mendelssohn Bartholdy Leipzig"	Künstlerische Hochschulen	öffentlich-rechtlich	Sachsen	536	1843	Ja	Nein	Grassistraße 8	04107	Leipzig	10 08 09	04008	Leipzig	0341	2144-55	2144-503	http://www.hmt-leipzig.de	1
160	Leipzig HTWK	Hochschule für Technik, Wirtschaft und Kultur Leipzig	Fachhochschulen / HAW	öffentlich-rechtlich	Sachsen	6823	1992	Nein	Nein	Karl-Liebknecht-Straße 132	04277	Leipzig	301166	04251	Leipzig	0341	3076-0	3076-6456	http://www.htwk-leipzig.de	1
159	Leipzig U	Universität Leipzig	Universitäten	öffentlich-rechtlich	Sachsen	29579	1409	Ja	Ja	Ritterstraße 26	04109	Leipzig	100920	04009	Leipzig	0341	97-108	97-30099	http://www.uni-leipzig.de	1
170	Lübeck HfM	Musikhochschule Lübeck	Künstlerische Hochschulen	öffentlich-rechtlich	Schleswig-Holstein	417	1911	Ja	Nein	Große Petersgrube 21	23552	Lübeck				0451	1505-0	1505-300	http://www.mh-luebeck.de	1
169	Lübeck TH	Technische Hochschule Lübeck	Fachhochschulen / HAW	öffentlich-rechtlich	Schleswig-Holstein	5271	1808	Nein	Nein	Mönkhofer Weg 239	23562	Lübeck				0451	300-6	300-5100	https://www.th-luebeck.de/	1
168	Lübeck U	Universität zu Lübeck	Universitäten	öffentlich-rechtlich	Schleswig-Holstein	6004	1964	Ja	Ja	Ratzeburger Allee 160	23562	Lübeck				0451	3101-0	3101-1014	http://www.uni-luebeck.de	1
229	Ludwigsburg EvH	Evangelische Hochschule Ludwigsburg - staatlich anerkannte Hochschule für Angewandte Wissenschaften der Evangelischen Landeskirche in Württemberg	Fachhochschulen / HAW	kirchlich, staatlich anerkannt	Baden-Württemberg	1282	1999	Nein	Nein	Paulusweg 6	71638	Ludwigsburg				07141	9745-220	9745-411	http://www.eh-ludwigsburg.de/	1
166	Ludwigsburg PH	Pädagogische Hochschule Ludwigsburg	Universitäten	öffentlich-rechtlich	Baden-Württemberg	6223	1962	Ja	Ja	Reuteallee 46	71634	Ludwigsburg	220	71602	Ludwigsburg	07141	140-0	140-434	http://www.ph-ludwigsburg.de	1
307	Ludwigshafen HWG	Hochschule für Wirtschaft und Gesellschaft Ludwigshafen 	Fachhochschulen / HAW	öffentlich-rechtlich	Rheinland-Pfalz	4774	1965	Nein	Nein	Ernst-Boehe-Str. 4	67059	Ludwigshafen	217261	67072	Ludwigshafen	0621	5203-0	5203-200	http://www.hwg-lu.de	1
171	Lüneburg U	Leuphana Universität Lüneburg	Universitäten	öffentlich-rechtlich	Niedersachsen	9497	1946	Ja	Ja	Universitätsallee 1	21335	Lüneburg				04131	677-2277	677-1430	https://www.leuphana.de/services/studierendenservice/infoportal-erstauskunft-zum-studium.html	1
173	Magdeburg-Stendal H	Hochschule Magdeburg-Stendal	Fachhochschulen / HAW	öffentlich-rechtlich	Sachsen-Anhalt	5481	1991	Ja	Nein	Breitscheidstraße 2	39114	Magdeburg	3655	39011	Magdeburg	0391	886-30	886-4104	http://www.h2.de	1
172	Magdeburg U	Otto-von-Guericke-Universität Magdeburg	Universitäten	öffentlich-rechtlich	Sachsen-Anhalt	13143	1993	Ja	Ja	Universitätsplatz 2	39106	Magdeburg	4120	39016	Magdeburg	0391	67-01	67-11156	http://www.ovgu.de	1
310	Mainz H	Hochschule Mainz	Fachhochschulen / HAW	öffentlich-rechtlich	Rheinland-Pfalz	5792	1996	Nein	Nein	Lucy-Hillebrand-Straße 2	55128	Mainz	1967	55009	Mainz	06131	628-0	628-7777	http://www.hs-mainz.de	1
175	Mainz KathH	Katholische Hochschule Mainz Catholic University of Applied Sciences	Fachhochschulen / HAW	kirchlich, staatlich anerkannt	Rheinland-Pfalz	1545	1972	Nein	Nein	Saarstraße 3	55122	Mainz	87	55247	Mainz-Kastel	06131	28944-0	28944-440	https://www.kh-mz.de/katholische-hochschule/	1
174	Mainz U	Johannes Gutenberg-Universität Mainz	Universitäten	öffentlich-rechtlich	Rheinland-Pfalz	30564	1477	Ja	Ja	Saarstraße 21	55122	Mainz		55099	Mainz	06131	39-0	39-22919	http://www.uni-mainz.de	1
177	Mannheim H	Hochschule Mannheim	Fachhochschulen / HAW	öffentlich-rechtlich	Baden-Württemberg	5581	1898	Nein	Nein	Paul-Wittsack-Straße 10	68163	Mannheim				0621	292-6111	292-6420	http://www.hs-mannheim.de	1
457	Mannheim HdBA (Verw)	Hochschule der Bundesagentur für Arbeit - Staatlich anerkannte Hochschule für angewandte Wissenschaft in Mannheim und Schwerin (University of Applied Labour Studies of the Federal Employment Agency)	Verwaltungshochschule	öffentlich-rechtlich	Baden-Württemberg	1613	2006	Nein	Nein	Seckenheimer Landstraße 16	68163	Mannheim				0621	42090		http://www.hdba.de/	0
432	Mannheim HdWM	Hochschule der Wirtschaft für Management	Fachhochschulen / HAW	privat, staatlich anerkannt	Baden-Württemberg	397	2011	Nein	Nein	Oskar-Meixner-Straße 4-6	68163	Mannheim				0621	490890-00		http://www.hdwm.de	0
123	Mannheim HfM	Staatliche Hochschule für Musik und Darstellende Kunst Mannheim	Künstlerische Hochschulen	öffentlich-rechtlich	Baden-Württemberg	586	1971	Ja	Nein	N 7, 18	68161	Mannheim				0621	292-3512	292-2072	http://www.muho-mannheim.de	1
176	Mannheim U	Universität Mannheim	Universitäten	öffentlich-rechtlich	Baden-Württemberg	11532	1907	Ja	Ja	Schloss	68161	Mannheim		68131	Mannheim	0621	181-2222	181-1050	http://www.uni-mannheim.de	1
426	Marburg EHTabor	Evangelische Hochschule Tabor	Fachhochschulen / HAW	privat, staatlich anerkannt	Hessen	200	1909	Nein	Nein	Dürerstraße 43	35039	Marburg				06421	967-431	967-411	www.eh-tabor.de	0
478	Marburg HArchiv (Verw)	Archivschule Marburg - Hochschule für Archivwissenschaft	Verwaltungshochschule	öffentlich-rechtlich	Hessen	65		Nein	Nein	Bismarckstraße 32	35037	Marburg				06421	16971-0	16971-10	https://www.archivschule.de/DE/ausbildung/gehobener-dienst/	0
179	Marburg U	Philipps-Universität Marburg	Universitäten	öffentlich-rechtlich	Hessen	21723	1527	Ja	Ja	Biegenstraße 10	35032	Marburg		35037	Marburg	06421	28-20	28-22500	http://www.uni-marburg.de	1
479	Mecklenburg-Vorp. FHVerw (Verw)	Fachhochschule für öffentliche Verwaltung, Polizei und Rechtspflege des Landes Mecklenburg-Vorpommern	Verwaltungshochschule	öffentlich-rechtlich	Mecklenburg-Vorpommern	698		Nein	Nein	Goldberger Straße 12-13	18273	Güstrow				03843	283 215		www.fh-guestrow.de	0
180	Merseburg H	Hochschule Merseburg	Fachhochschulen / HAW	öffentlich-rechtlich	Sachsen-Anhalt	3018	1992	Ja	Nein	Eberhard-Leibnitz-Straße 2	06217	Merseburg				03461	46-0	46-2906	http://www.hs-merseburg.de	1
97	Mittelhessen THM	Technische Hochschule Mittelhessen - THM	Fachhochschulen / HAW	öffentlich-rechtlich	Hessen	17930	1971	Nein	Nein	Wiesenstraße 14	35390	Gießen				0641	309 0	309 2901	http://www.thm.de	1
181	Mittweida H	Hochschule Mittweida, University of Applied Sciences	Fachhochschulen / HAW	öffentlich-rechtlich	Sachsen	6814	1867	Nein	Nein	Technikumplatz 17	09648	Mittweida	1457	09644	Mittweida	03727	58-0	58-1379	www.hs-mittweida.de	1
187	München AkdBK	Akademie der Bildenden Künste München	Künstlerische Hochschulen	öffentlich-rechtlich	Bayern	777	1808	Ja	Nein	Akademiestraße 2-4	80799	München				089	3852-0	3852-206	http://www.adbk.de/	1
291	München H	Hochschule für angewandte Wissenschaften München	Fachhochschulen / HAW	öffentlich-rechtlich	Bayern	18192	1971	Nein	Nein	Lothstr. 34	80335	München	20 01 13	80001	München	089	1265-0	1265-1490	http://www.hm.edu	1
467	München HDBW	Hochschule der Bayerischen Wirtschaft für angewandte Wissenschaften - HDBW	Fachhochschulen / HAW	privat, staatlich anerkannt	Bayern	393	2012	Nein	Nein	Konrad-Zuse-Platz 8	81829	München				089	4567845-0	4567845-50	www.hdbw-hochschule.de	0
190	München HFF	Hochschule für Fernsehen und Film München	Künstlerische Hochschulen	öffentlich-rechtlich	Bayern	370	1966	Ja	Nein	Bernd-Eichinger-Platz 1	80333	München				089	68957-0	68957-9900	http://www.hff-muc.de	0
188	München HMT	Hochschule für Musik und Theater München	Künstlerische Hochschulen	öffentlich-rechtlich	Bayern	1183	1830	Ja	Nein	Arcisstraße 12	80333	München				089	289-03	289-27419	http://www.musikhochschule-muenchen.de	1
189	München HPhil	Hochschule für Philosophie	Universitäten	kirchlich, staatlich anerkannt	Bayern	418	1925	Ja	Ja	Kaulbachstraße 31	80539	München	Kaulbachstaße 31a	80539	München	089	2386-2300	2386-2302	http://www.hfph.de	1
376	München IH	Internationale Hochschule SDI München - Hochschule für angewandte Wissenschaften	Fachhochschulen / HAW	privat, staatlich anerkannt	Bayern	263	2007	Nein	Nein	Baierbrunner Straße 28	81379	München				089	288102-0	288440	https://www.sdi-muenchen.de/hochschule/	0
186	München KathH	"Katholische    Stiftungshochschule für   angewandte Wissenschaften München - Hochschule der Kirchlichen Stiftung des öffentlichen Rechts Katholische Bildungsstätten für Sozialberufe in Bayern"	Fachhochschulen / HAW	kirchlich, staatlich anerkannt	Bayern	2527	1971	Nein	Nein	Preysingstraße 95	81667	München				089	48092-900		http://www.ksh-muenchen.de	1
336	München MBS	Munich Business School - Staatlich anerkannte private Fachhochschule	Fachhochschulen / HAW	privat, staatlich anerkannt	Bayern	567	1991	Nein	Nein	Elsenheimerstraße 61	80687	München				089	547678-0	547678-29	http://www.munich-business-school.de	0
184	München TU	Technische Universität München	Universitäten	öffentlich-rechtlich	Bayern	47751	1868	Ja	Ja	Arcisstraße 21	80333	München				089	289-01	289-22000	http://www.tum.de	1
183	München U	Ludwig-Maximilians-Universität München	Universitäten	öffentlich-rechtlich	Bayern	51007	1472	Ja	Ja	Geschwister-Scholl-Platz 1	80539	München				089	2180-0	2180-2322	http://www.lmu.de	1
185	München UBw	Universität der Bundeswehr München	Universitäten	öffentlich-rechtlich	Bayern	3973	1973	Ja	Ja	Werner-Heisenberg-Weg 39	85577	Neubiberg			0	089	6004-0	6004-3560	http://www.unibw.de	1
192	Münster FH	FH Münster University of Applied Sciences	Fachhochschulen / HAW	öffentlich-rechtlich	Nordrhein-Westfalen	15297	1971	Nein	Nein	Hüfferstr. 27	48149	Münster	3020	48016	Münster	0251	83-0	83-64015	https://www.fh-muenster.de/index.php	1
193	Münster KuAk	Kunstakademie Münster, Hochschule für Bildende Künste	Künstlerische Hochschulen	öffentlich-rechtlich	Nordrhein-Westfalen	359	1971	Ja	Ja	Leonardo-Campus 2	48149	Münster				0251	83-61330	83-61430	https://www.kunstakademie-muenster.de/hochschule/organisation-und-verwaltung	1
194	Münster PhThH	Philosophisch-Theologische Hochschule Münster - Kirchlich und staatlich anerkannte Hochschule in Trägerschaft der PTH Philosophisch-Theologische Hochschule Münster gemeinnützige GmbH	Universitäten	kirchlich, staatlich anerkannt	Nordrhein-Westfalen	7	1971	Nein	Nein	Kapuzinerstr. 27	48149	Münster		48149	Münster	0251	48256-0		http://www.pth-muenster.de	0
191	Münster U	Westfälische Wilhelms-Universität Münster	Universitäten	öffentlich-rechtlich	Nordrhein-Westfalen	43728	1780	Ja	Ja	Schlossplatz 2	48149	Münster				0251	83-0	83-24831	https://www.uni-muenster.de	1
195	Neubrandenburg H	Hochschule Neubrandenburg - University of Applied Sciences	Fachhochschulen / HAW	öffentlich-rechtlich	Mecklenburg-Vorpommern	2192	1991	Nein	Nein	Brodaer Straße 2	17033	Neubrandenburg	11 01 21	17041	Neubrandenburg	0395	5693-0	5693-9999	http://www.hs-nb.de	1
196	Neuendettelsau KiH	Augustana-Hochschule Neuendettelsau	Universitäten	kirchlich, staatlich anerkannt	Bayern	127	1947	Ja	Ja	Waldstraße 11	91564	Neuendettelsau		91564	Neuendettelsau	09874	509-0	509-555	http://www.augustana.de	1
463	Neuruppin MHB	Medizinische Hochschule Brandenburg Theodor Fontane	Universitäten	privat, staatlich anerkannt	Brandenburg	580	2014	Nein	Nein	Fehrbelliner Str. 38	16816	Neuruppin				03391	39-14210	39-14209	http://www.mhb-fontane.de	0
319	Neu-Ulm H	Hochschule für angewandte Wissenschaften Neu-Ulm	Fachhochschulen / HAW	öffentlich-rechtlich	Bayern	4147	1994	Nein	Nein	Wileystraße 1	89231	Neu-Ulm				0731	9762-0	9762-2299	https://www.hnu.de	1
197	Niederrhein H	Hochschule Niederrhein	Fachhochschulen / HAW	öffentlich-rechtlich	Nordrhein-Westfalen	13748	1971	Nein	Nein	Reinarzstraße 49	47805	Krefeld	100762	47707	Krefeld	02151	822-0	822-3998	http://www.hs-niederrhein.de	1
481	Niedersachsen HRecht (Verw)	Norddeutsche Hochschule für Rechtspflege - Niedersachsen	Verwaltungshochschule	öffentlich-rechtlich	Niedersachsen	409		Nein	Nein	Godehardspl. 6	31134	Hildesheim				05121	1791020	1791040	http://www.hr-nord.niedersachsen.de/index.php?id=49	0
482	Niedersachsen HVerw (Verw)	Kommunale Hochschule für Verwaltung in Niedersachsen	Verwaltungshochschule	öffentlich-rechtlich	Niedersachsen	1570	2007	Nein	Nein	Wielandstraße 8	30169	Hannover				0511	16090	15537	http://www.nsi-hsvn.de/	0
494	Niedersachsen PolAk (Verw)	Polizeiakademie Niedersachsen	Verwaltungshochschule	öffentlich-rechtlich	Niedersachsen			Nein	Nein	Bürgermeister-Stahn-Wall 9	31582	Nienburg				05021	844-0		https://www.pa.polizei-nds.de/startseite/	0
476	Niedersachsen SteuerAk (Verw)	Steuerakademie Niedersachsen	Verwaltungshochschule	öffentlich-rechtlich	Niedersachsen		2006	Nein	Nein	Bahnhofstraße 5	31707	Bad Eilsen				05722	994-0	994-199	https://www.steuerakademie.niedersachsen.de/startseite/	0
315	Nordhausen H	Hochschule Nordhausen	Fachhochschulen / HAW	öffentlich-rechtlich	Thüringen	2212	1997	Nein	Nein	Weinberghof 4	99734	Nordhausen	10 07 10	99727	Nordhausen	03631	420-0	420-810	http://www.hs-nordhausen.de	1
318	Nordhessen FH	DIPLOMA Hochschule - Private Fachhochschule Nordhessen	Fachhochschulen / HAW	privat, staatlich anerkannt	Hessen	8596	1997	Nein	Nein	Am Hegeberg 2	37242	Bad Sooden-Allendorf				05652	58777-0	58777-29	http://www.diploma.de	0
505	Nordrhein-Westfalen DHPol (Verw)	Deutsche Hochschule der Polizei	Verwaltungshochschule	öffentlich-rechtlich	Nordrhein-Westfalen	486	2008	Ja	Nein	Zum Roten Berge 18	48165	Münster				02501	8060		https://www.dhpol.de	0
485	Nordrhein-Westfalen FHRecht (Verw)	Fachhochschule für Rechtspflege Nordrhein-Westfalen	Verwaltungshochschule	öffentlich-rechtlich	Nordrhein-Westfalen	863	1976	Nein	Nein	Schleidtalstraße 3	53902	Bad Münstereifel				02253	3180	318146	https://www.fhr.nrw.de/	0
488	Nordrhein-Westfalen HFinanz (Verw)	Hochschule für Finanzen NRW	Verwaltungshochschule	öffentlich-rechtlich	Nordrhein-Westfalen	2809	1976	Nein	Nein	Schloßstraße	59394	Nordkirchen				02596	9330		https://www.finanzverwaltung.nrw.de/de/duales-studium-der-hsf-nrw	0
484	Nordrhein-Westfalen HSPV (Verw)	Hochschule für Polizei und öffentliche Verwaltung Nordrhein-Westfalen	Verwaltungshochschule	öffentlich-rechtlich	Nordrhein-Westfalen	16853	1976	Nein	Nein	Haidekamp 73	45886	Gelsenkirchen				0209	16590		https://www.hspv.nrw.de/	0
151	Nordrhein-Westfalen KathH	Katholische Hochschule Nordrhein-Westfalen - Catholic University of Applied Sciences	Fachhochschulen / HAW	kirchlich, staatlich anerkannt	Nordrhein-Westfalen	5412	1971	Nein	Nein	Wörthstraße 10	50668	Köln				0221	7757-601	7757-631	http://www.katho-nrw.de	1
371	Nordrhein-Westfalen SRH	SRH Hochschule in Nordrhein-Westfalen	Fachhochschulen / HAW	privat, staatlich anerkannt	Nordrhein-Westfalen	768	2005	Nein	Nein	Platz der Deutschen Einheit 1	59065	Hamm		59065	Hamm	02381	9291 121		https://www.srh-hochschule-nrw.de/?utm_source=wkz-HA91531IM	0
202	Nürnberg AkdBK	Akademie der Bildenden Künste Nürnberg	Künstlerische Hochschulen	öffentlich-rechtlich	Bayern	312	1662	Nein	Nein	Bingstraße 60	90480	Nürnberg				0911	9404-0	9404-150	http://www.adbk-nuernberg.de	1
201	Nürnberg EvH	Evangelische Hochschule für angewandte Wissenschaften - Evangelische Fachhochschule Nürnberg	Fachhochschulen / HAW	kirchlich, staatlich anerkannt	Bayern	1325	1927	Nein	Nein	Bärenschanzstraße 4	90429	Nürnberg				0911	27253-6	27253-799	http://www.evhn.de/	1
321	Nürnberg HfM	Hochschule für Musik Nürnberg	Künstlerische Hochschulen	öffentlich-rechtlich	Bayern	434	2008	Ja	Nein	Veilhofstraße 34	90489	Nürnberg				0911	21522-102	21522-104	http://www.hfm-nuernberg.de	1
200	Nürnberg TH	Technische Hochschule Nürnberg Georg Simon Ohm	Fachhochschulen / HAW	öffentlich-rechtlich	Bayern	12925	1823	Nein	Nein	Keßlerplatz 12	90489	Nürnberg		90121	Nürnberg	0911	5880-0	5880-8309	https://www.th-nuernberg.de/	1
203	Nürtingen-Geislingen H	Hochschule für Wirtschaft und Umwelt Nürtingen-Geislingen	Fachhochschulen / HAW	öffentlich-rechtlich	Baden-Württemberg	5416	1949	Nein	Nein	Neckarsteige 6-10	72622	Nürtingen				07022	201-0	201-303	http://www.hfwu.de	1
205	Oberursel LuthThH	Lutherische Theologische Hochschule Oberursel	Universitäten	kirchlich, staatlich anerkannt	Hessen	16	1947	Nein	Nein	Altkönigstraße 150	61440	Oberursel				06171	91270	912770	http://www.lthh-oberursel.de	1
207	Offenbach HfGest	Hochschule für Gestaltung Offenbach	Künstlerische Hochschulen	öffentlich-rechtlich	Hessen	780	1970	Ja	Nein	Schloßstraße 31	63065	Offenbach		63065	Offenbach	069	80059-0	80059-109	http://www.hfg-offenbach.de	1
208	Offenburg H	Hochschule für Technik, Wirtschaft und Medien Offenburg	Fachhochschulen / HAW	öffentlich-rechtlich	Baden-Württemberg	4162	1971	Nein	Nein	Badstraße 24	77652	Offenburg				0781	205-0	205-214	http://www.hs-offenburg.de	1
209	Oldenburg U	Carl von Ossietzky Universität Oldenburg	Universitäten	öffentlich-rechtlich	Niedersachsen	15635	1973	Ja	Ja	Ammerländer Heerstraße 114-118	26129	Oldenburg		26111	Oldenburg	0441	798-0	798-3000	http://www.uol.de	1
214	Osnabrück H	Hochschule Osnabrück	Fachhochschulen / HAW	öffentlich-rechtlich	Niedersachsen	13620	1971	Nein	Nein	Albrechtstraße 30 	49076	Osnabrück	1940	49009	Osnabrück	0541	969-2104	969-2066	http://www.hs-osnabrueck.de	1
211	Osnabrück U	Universität Osnabrück	Universitäten	öffentlich-rechtlich	Niedersachsen	13640	1973	Ja	Ja	Neuer Graben/Schloss	49074	Osnabrück		49069	Osnabrück	0541	969-0	969-14111	http://www.uni-osnabrueck.de	1
36	Ostfalia H	Hochschule Braunschweig/Wolfenbüttel, Ostfalia Hochschule für angewandte Wissenschaften	Fachhochschulen / HAW	öffentlich-rechtlich	Niedersachsen	11577	1971	Nein	Nein	Salzdahlumer Straße 46/48	38302	Wolfenbüttel				05331	939-0	939-14624	http://www.ostfalia.de	1
165	Ostwestfalen-Lippe TH	Technische Hochschule Ostwestfalen-Lippe 	Fachhochschulen / HAW	öffentlich-rechtlich	Nordrhein-Westfalen	6206	1971	Nein	Nein	Campusallee 12	32657	Lemgo				05261	702-0	702-1711	http://www.th-owl.de	1
213	Ottersberg H	Hochschule für Künste im Sozialen, Ottersberg	Fachhochschulen / HAW	privat, staatlich anerkannt	Niedersachsen	342	1967	Nein	Nein	Am Wiestebruch 68	28870	Ottersberg	1251	28870	Ottersberg	04205	3949-0	3949-79	http://www.hks-ottersberg.de	0
216	Paderborn FHDW	Fachhochschule der Wirtschaft	Fachhochschulen / HAW	privat, staatlich anerkannt	Nordrhein-Westfalen	2044	1993	Nein	Nein	Fürstenallee 5	33102	Paderborn				05251	301-02	301-188	https://www.fhdw.de/paderborn	0
217	Paderborn ThFak	Theologische Fakultät Paderborn	Universitäten	kirchlich, staatlich anerkannt	Nordrhein-Westfalen	91	1614	Ja	Ja	Kamp 6	33098	Paderborn				05251	121-701	121-700	http://www.thf-paderborn.de/	1
215	Paderborn U	Universität Paderborn	Universitäten	öffentlich-rechtlich	Nordrhein-Westfalen	19106	1972	Ja	Ja	Warburger Straße 100	33098	Paderborn		33095	Paderborn	05251	60-0	60-2519	http://www.uni-paderborn.de	1
218	Passau U	Universität Passau	Universitäten	öffentlich-rechtlich	Bayern	11846	1973	Ja	Ja	Innstraße 41	94032	Passau		94030	Passau	0851	509-0	509-1005	http://www.uni-passau.de	1
219	Pforzheim H	Hochschule Pforzheim - Gestaltung, Technik, Wirtschaft und Recht	Fachhochschulen / HAW	öffentlich-rechtlich	Baden-Württemberg	5753	1877	Nein	Nein	Tiefenbronner Straße 65	75175	Pforzheim				07231	28-6940	28-6666	http://www.hs-pforzheim.de/	1
223	Potsdam-Babelsberg FilmU	Filmuniversität Babelsberg Konrad Wolf	Künstlerische Hochschulen	öffentlich-rechtlich	Brandenburg	916	1954	Ja	Nein	Marlene-Dietrich-Allee 11	14482	Potsdam	90 01 31	14437	Potsdam	0331	6202-0	6202-549	https://www.filmuniversitaet.de/	1
486	Potsdam CHP	Fachhochschule Clara Hoffbauer Potsdam - University of Applied Sciences	Fachhochschulen / HAW	privat, staatlich anerkannt	Brandenburg	231	2016	Nein	Nein	Hermannswerder 7	14473	Potsdam				0331	2313 439	2313 438	http://www.fhchp.de/	0
222	Potsdam FH	Fachhochschule Potsdam	Fachhochschulen / HAW	öffentlich-rechtlich	Brandenburg	3634	1991	Nein	Nein	Kiepenheuerallee 5	14469	Potsdam				0331	580-00		https://www.fh-potsdam.de	1
443	Potsdam FHSport	Fachhochschule für Sport und Management Potsdam	Fachhochschulen / HAW	privat, staatlich anerkannt	Brandenburg	384	2009	Nein	Nein	Am Luftschiffhafen 1	14471	Potsdam				0331	90 75 71 05	90 75 77 78	www.fhsmp.de	0
518	Potsdam GISMA	GISMA Business School	Fachhochschulen / HAW	privat, staatlich anerkannt	Brandenburg	225	2020	Nein	Nein	Konrad-Zuse-Ring 11	14469	Potsdam				0331	236 17440		https://www.gisma.com	0
455	Potsdam HSD	HSD Hochschule Döpfer	Fachhochschulen / HAW	privat, staatlich anerkannt	Brandenburg	843	2013	Nein	Nein	Tuchmacherstraße 48b	14482	Potsdam				0221	13058770		https://www.hs-doepfer.de/	0
221	Potsdam U	Universität Potsdam	Universitäten	öffentlich-rechtlich	Brandenburg	21433	1991	Ja	Ja	Am Neuen Palais 10	14469	Potsdam				0331	977-0	972163	http://www.uni-potsdam.de	1
335	Potsdam UE	University of Europe for Applied Sciences	Fachhochschulen / HAW	privat, staatlich anerkannt	Brandenburg	3306	2000	Nein	Nein	Konrad-Zuse-Ring 11	14469	Potsdam				030	338539710		https://www.ue-germany.com/	0
515	Potsdam XU	XU Exponential University of Applied Sciences	Fachhochschulen / HAW	privat, staatlich anerkannt	Brandenburg	169	2018	Nein	Nein	August-Bebel-Straße 26-53	14482	Potsdam				030	959999991	959999994	https://xu-university.com	0
224	Ravensburg-Weingarten H	Hochschule Ravensburg-Weingarten	Fachhochschulen / HAW	öffentlich-rechtlich	Baden-Württemberg	3734	1964	Nein	Nein	Doggenriedstraße	88250	Weingarten	30 22	88216	Ravensburg	0751	501-0	501-9876	http://www.rwu.de	1
346	Regensburg HfKiM	Hochschule für Katholische Kirchenmusik und Musikpädagogik	Künstlerische Hochschulen	kirchlich, staatlich anerkannt	Bayern	128	2001	Nein	Nein	Andreasstraße 9	93059	Regensburg				0941	83009-0	83009-46	http://www.hfkm-regensburg.de	0
226	Regensburg OTH	Ostbayerische Technische Hochschule Regensburg	Fachhochschulen / HAW	öffentlich-rechtlich	Bayern	10586	1971	Nein	Nein	Seybothstraße 2	93053	Regensburg	12 03 27	93025	Regensburg	0941	943-02	943-1422	http://www.oth-regensburg.de	1
225	Regensburg U	Universität Regensburg	Universitäten	öffentlich-rechtlich	Bayern	20699	1962	Ja	Ja	Universitätsstraße 31	93053	Regensburg		93040	Regensburg	0941	943-01	943-2305	https://www.uni-regensburg.de	1
227	Reutlingen HTWID	Hochschule Reutlingen, Hochschule für Technik-  Wirtschaft-Informatik-Design	Fachhochschulen / HAW	öffentlich-rechtlich	Baden-Württemberg	5164	1855	Nein	Nein	Alteburgstraße 150	72762	Reutlingen				07121	271-0	271-1101	http://www.reutlingen-university.de/	1
360	Reutlingen ThH	Theologische Hochschule Reutlingen - staatlich anerkannte Fachhochschule der Evangelisch-methodistischen Kirche	Fachhochschulen / HAW	kirchlich, staatlich anerkannt	Baden-Württemberg	81	1877	Nein	Nein	Friedrich-Ebert-Straße 31	72762	Reutlingen				07121	9259-0	9259-14	http://www.th-reutlingen.de	0
489	Rheinland-Pfalz HFinanz (Verw)	Hochschule für Finanzen Rheinland-Pfalz	Verwaltungshochschule	öffentlich-rechtlich	Rheinland-Pfalz	711		Nein	Nein	Luitpoldstraße 33	67480	Edenkoben				06323	9489-0	9489-38000	https://landesfinanzschule-edenkoben.fin-rlp.de/hochschule	0
490	Rheinland-Pfalz HPol (Verw)	Hochschule der Polizei Rheinland-Pfalz	Verwaltungshochschule	öffentlich-rechtlich	Rheinland-Pfalz	1573		Nein	Nein	Hunsrück Drive	55491	Büchenbeuren				06543	985116	985100	https://www.polizei.rlp.de/de/die-polizei/dienststellen/hochschule-der-polizei-rheinland-pfalz/	0
495	Rheinland-Pfalz HVerw (Verw)	Hochschule für öffentliche Verwaltung Rheinland-Pfalz	Verwaltungshochschule	öffentlich-rechtlich	Rheinland-Pfalz	927	1981	Nein	Nein	St.-Veit-Straße 26-28	56727	Mayen				02651	9830		https://hoev-rlp.de/de/ueber-die-hochschule/kontakt/	0
270	RheinMain H	Hochschule RheinMain	Fachhochschulen / HAW	öffentlich-rechtlich	Hessen	13482	1971	Ja	Nein	Kurt-Schumacher-Ring 18	65197	Wiesbaden	3251	65022	Wiesbaden	0611	9495-01		https://www.hs-rm.de/de/	1
400	Rhein-Waal H	Hochschule Rhein-Waal - University of Applied Sciences	Fachhochschulen / HAW	öffentlich-rechtlich	Nordrhein-Westfalen	6672	2009	Nein	Nein	Marie-Curie-Str. 1	47533	Kleve				02821	80673-0		http://www.hochschule-rhein-waal.de/	1
313	Riedlingen SRH	SRH Fernhochschule - The Mobile University	Fachhochschulen / HAW	privat, staatlich anerkannt	Baden-Württemberg	7409	1996	Nein	Nein	Kirchstraße 26	88499	Riedlingen		88499	Riedlingen	07371	9315-0	9315-115	https://www.mobile-university.de	0
232	Rosenheim TH	Technische Hochschule Rosenheim	Fachhochschulen / HAW	öffentlich-rechtlich	Bayern	6464	1971	Nein	Nein	Hochschulstraße 1	83024	Rosenheim				08031	805-0	805-2105	http://www.th-rosenheim.de/	1
234	Rostock HMT	Hochschule für Musik und Theater Rostock	Künstlerische Hochschulen	öffentlich-rechtlich	Mecklenburg-Vorpommern	558	1994	Ja	Ja	Beim St.-Katharinenstift 8	18055	Rostock				0381	5108-0	5108-101	http://www.hmt-rostock.de	1
233	Rostock U	Universität Rostock	Universitäten	öffentlich-rechtlich	Mecklenburg-Vorpommern	12664	1419	Ja	Ja	Universitätsplatz 1	18055	Rostock		18051	Rostock	0381	498-0	498-1107	http://www.uni-rostock.de	1
300	Rottenburg H	Hochschule für Forstwirtschaft Rottenburg	Fachhochschulen / HAW	öffentlich-rechtlich	Baden-Württemberg	952	1954	Nein	Nein	Schadenweilerhof	72108	Rottenburg				07472	951-0	951-200	http://www.hs-rottenburg.net	1
325	Rottenburg HfKiM	Hochschule für Kirchenmusik der Diözese Rottenburg-Stuttgart	Künstlerische Hochschulen	kirchlich, staatlich anerkannt	Baden-Württemberg	28	1949	Nein	Nein	St.-Meinrad-Weg 6	72108	Rottenburg				07472	169-821	169-829	www.kirchenmusik-hochschule.org	0
409	Ruhr West H	Hochschule Ruhr West- University of Applied Sciences	Fachhochschulen / HAW	öffentlich-rechtlich	Nordrhein-Westfalen	6407	2009	Nein	Nein	Duisburger Straße 100	45479	Mülheim	100755	45407	Mülheim	0208	882 54 -0	882 54 -109	http://www.hochschule-ruhr-west.de	1
391	Saarbrücken DHfPG	Deutsche Hochschule für Prävention und Gesundheitsmanagement GmbH	Fachhochschulen / HAW	privat, staatlich anerkannt	Saarland	7722	2001	Nein	Nein	Hermann Neuberger Sportschule 3	66123	Saarbrücken				0681	6855-150	6855-190	http://www.dhfpg.de	0
240	Saarbrücken HfM	Hochschule für Musik Saar	Künstlerische Hochschulen	öffentlich-rechtlich	Saarland	424	1947	Ja	Nein	Bismarckstraße 1	66111	Saarbrücken				0681	96731-0	96731-30	http://www.hfm.saarland.de	1
236	Saarbrücken HTW	Hochschule für Technik und Wirtschaft des Saarlandes	Fachhochschulen / HAW	öffentlich-rechtlich	Saarland	6086	1971	Nein	Nein	Goebenstraße 40	66117	Saarbrücken	650134	66140	Saarbrücken	0681	5867-0	5867-122	http://www.htwsaar.de	1
235	Saarbrücken U	Universität des Saarlandes	Universitäten	öffentlich-rechtlich	Saarland	16117	1948	Ja	Ja	Campus	66123	Saarbrücken	151150	66041	Saarbrücken	0681	302-0	302-2609	https://www.uni-saarland.de	1
239	Saar HBK	Hochschule der Bildenden Künste Saar	Künstlerische Hochschulen	öffentlich-rechtlich	Saarland	471	1989	Ja	Nein	Keplerstraße 3-5	66117	Saarbrücken				0681	92652-0	92652-149	https://www.hbksaar.de	1
501	Saarland FHVerw (Verw)	Fachhochschule der Verwaltung des Saarlandes	Verwaltungshochschule	öffentlich-rechtlich	Saarland	797	1980	Nein	Nein	Am Campus 7	66287	Quierschied				0681	5017640	5017632	https://www.saarland.de/fhsv/DE/home/home_node.html	0
492	Sachsen-Anhalt FHPol (Verw)	Fachhochschule Polizei Sachsen-Anhalt	Verwaltungshochschule	öffentlich-rechtlich	Sachsen-Anhalt	752	1997	Nein	Nein	Schmidtmannstraße 86	06449	Aschersleben				03473	960-171		https://fh-polizei.sachsen-anhalt.de/startseite-fachhochschule/	0
493	Sachsen HPol (Verw)	Hochschule der Sächsischen Polizei (FH)	Verwaltungshochschule	öffentlich-rechtlich	Sachsen	618	1994	Nein	Nein	Friedensstraße 120	02929	Rothenburg				035891	460	462111	https://www.polizei.sachsen.de/de/polfh.htm	0
498	Sachsen HVerw (VerwH)	Hochschule für öffentliche Verwaltung und Rechtspflege (FH), Fortbildungszentrum des Freistaates Sachsen	Verwaltungshochschule	öffentlich-rechtlich	Sachsen	1102	1992	Nein	Nein	Herbert-Böhme-Straße 11	01662	Meißen				03521	4730	473100	https://www.hsf.sachsen.de/	0
507	Schleswig-Holstein DHSH	Duale Hochschule Schleswig-Holstein - staatlich anerkannte Hochschule für angewandte Wissenschaften in Trägerschaft der Wirtschaftsakademie Schleswig-Holstein	Fachhochschulen / HAW	privat, staatlich anerkannt	Schleswig-Holstein	476	2018	Nein	Nein	Hans-Detlev-Prien-Straße 10	24106	Kiel				0431	3016-126	30 16-380	https://www.dhsh.de	0
497	Schleswig-Holstein FHVD (Verw)	Fachhochschule für Verwaltung und Dienstleistung in Schleswig-Holstein	Verwaltungshochschule	öffentlich-rechtlich	Schleswig-Holstein	1727	1975	Nein	Nein	Rehmkamp 10	24161	Altenholz				0431	32090	328044	https://www.fhvd-sh.de/	0
242	Schmalkalden H	Hochschule Schmalkalden	Fachhochschulen / HAW	öffentlich-rechtlich	Thüringen	2434	1991	Nein	Nein	Blechhammer 9	98574	Schmalkalden	100452	98574	Schmalkalden	03683	688-0	688-1999	http://www.hs-schmalkalden.de	1
244	Schwäbisch Gmünd HGest	Hochschule für Gestaltung Schwäbisch Gmünd	Fachhochschulen / HAW	öffentlich-rechtlich	Baden-Württemberg	748	1909	Nein	Nein	Rektor-Klaus-Str. 100	73525	Schwäbisch Gmünd	1308	73503	Schwäbisch Gmünd	07171	602-600	69259	http://www.hfg-gmuend.de	1
243	Schwäbisch Gmünd PH	Pädagogische Hochschule Schwäbisch Gmünd	Universitäten	öffentlich-rechtlich	Baden-Württemberg	2993	1962	Ja	Ja	Oberbettringer Str. 200	73525	Schwäbisch Gmünd				07171	983-0	983-212	https://www.ph-gmuend.de	1
245	Siegen U	Universität Siegen	Universitäten	öffentlich-rechtlich	Nordrhein-Westfalen	17807	1972	Ja	Ja	Adolf-Reichwein-Straße 2	57076	Siegen				0271	740-0	740-4911	http://www.uni-siegen.de	1
246	Speyer DUV	Deutsche Universität für Verwaltungswissenschaften Speyer	Universitäten	öffentlich-rechtlich	Rheinland-Pfalz	301	1947	Ja	Ja	Freiherr-vom-Stein-Straße 2	67346	Speyer	1409	67324	Speyer	06232	654-0	654-208	http://www.uni-speyer.de	1
247	Stralsund H	Hochschule Stralsund	Fachhochschulen / HAW	öffentlich-rechtlich	Mecklenburg-Vorpommern	2376	1991	Nein	Nein	Zur Schwedenschanze 15	18435	Stralsund				03831	45-6529	45-6640	www.hochschule-stralsund.de	1
156	Stuttgart AKAD	AKAD Hochschule Stuttgart - staatlich anerkannt	Fachhochschulen / HAW	privat, staatlich anerkannt	Baden-Württemberg	5897	1959	Nein	Nein	Heilbronner Str. 86	70191	Stuttgart				0711	81495-400		https://www.akad.de/?wkz=7007AA	0
253	Stuttgart AkdBK	Staatliche Akademie der Bildenden Künste Stuttgart	Künstlerische Hochschulen	öffentlich-rechtlich	Baden-Württemberg	829	1761	Ja	Ja	Am Weißenhof 1	70191	Stuttgart				0711	28440-0	28440-102	http://www.abk-stuttgart.de	1
398	Stuttgart DH	Duale Hochschule Baden-Württemberg	Hochschulen eigenen Typs	öffentlich-rechtlich	Baden-Württemberg	32588	2009	Nein	Nein	Friedrichstraße 14.	70174	Stuttgart				0711	320660-0	320660-66	http://www.dhbw.de	1
251	Stuttgart H	Hochschule für Technik Stuttgart	Fachhochschulen / HAW	öffentlich-rechtlich	Baden-Württemberg	4077	1832	Nein	Nein	Schellingstraße 24	70174	Stuttgart	101452	70013	Stuttgart	0711	8926 2662	8926 2666	http://www.hft-stuttgart.de	1
250	Stuttgart HdM	Hochschule der Medien Stuttgart	Fachhochschulen / HAW	öffentlich-rechtlich	Baden-Württemberg	5511	1903	Nein	Nein	Nobelstraße 10	70569	Stuttgart				0711	8923 10	8923 11	http://www.hdm-stuttgart.de	1
465	Stuttgart HfK+G	Hochschule für Kommunikation und Gestaltung	Fachhochschulen / HAW	privat, staatlich anerkannt	Baden-Württemberg	157	2013	Nein	Nein	Kölner Straße 38	70376	Stuttgart				0711	5208986-0	5208986-59	www.hfk-bw.de	0
254	Stuttgart HfM	Staatliche Hochschule für Musik und Darstellende Kunst Stuttgart	Künstlerische Hochschulen	öffentlich-rechtlich	Baden-Württemberg	771	1857	Ja	Nein	Urbanstraße 25	70182	Stuttgart				0711	212-4620	212-4639	http://www.hmdk-stuttgart.de	1
366	Stuttgart MAW	Hochschule Macromedia - staatlich anerkannte Hochschule für angewandte Wissenschaften der Macromedia GmbH mit Sitz in Stuttgart	Fachhochschulen / HAW	privat, staatlich anerkannt	Baden-Württemberg	4818	2006	Nein	Nein	Naststraße 11/Im Römerkastell	70376	Stuttgart				0711	2807380	280738740	http://www.macromedia-fachhochschule.de/	0
483	Stuttgart MediaAk	media Akademie - Hochschule Stuttgart	Fachhochschulen / HAW	privat, staatlich anerkannt	Baden-Württemberg	88	2015	Nein	Nein	Tübinger Str. 12-16	70178	Stuttgart				0711	925430	92543-25	www.media-hs.de	0
252	Stuttgart MerzAk	Merz Akademie Hochschule für Gestaltung, Kunst und Medien, Stuttgart - Staatlich anerkannt	Fachhochschulen / HAW	privat, staatlich anerkannt	Baden-Württemberg	248	1985	Nein	Nein	Teckstraße 58	70190	Stuttgart				0711	26866-0	26866-21	http://www.merz-akademie.de	0
248	Stuttgart U	Universität Stuttgart	Universitäten	öffentlich-rechtlich	Baden-Württemberg	22616	1829	Ja	Ja	Keplerstraße 7	70174	Stuttgart	10 60 37	70049	Stuttgart	0711	685-0	685-82271	http://www.uni-stuttgart.de	1
413	Stuttgart U Waldorf	Freie Hochschule Stuttgart - Seminar für Waldorfpädagogik. Staatlich anerkannte wissenschaftliche Hochschule.	Universitäten	privat, staatlich anerkannt	Baden-Württemberg	307	1919	Nein	Nein	Haußmannstraße 44a	70188	Stuttgart				0711	21094-0	2348913	http://www.freie-hochschule-stuttgart.de	0
453	Stuttgart VWA	VWA-Hochschule für berufsbegleitendes Studium	Fachhochschulen / HAW	privat, staatlich anerkannt	Baden-Württemberg	168	2013	Nein	Nein	Wolframstraße 32	70191	Stuttgart			Stuttgart	0800	215 5 215		https://www.vwa-hochschule.de	0
343	Südwestfalen FH	Fachhochschule Südwestfalen	Fachhochschulen / HAW	öffentlich-rechtlich	Nordrhein-Westfalen	11445	2002	Nein	Nein	Baarstraße 6	58636	Iserlohn	2061	58590	Iserlohn	02371	566-538	566-289	https://www.fh-swf.de	1
496	Thüringen VerwH (Verw)	Thüringer Fachhochschule für öffentliche Verwaltung	Verwaltungshochschule	öffentlich-rechtlich	Thüringen	584	1994	Nein	Nein	Bahnhofstraße 12	99867	Gotha				03621	573316 111	573316 190	https://bildungszentrum.thueringen.de/thueringer-fachhochschule-fuer-oeffentliche-verwaltung	0
308	Trier H	Hochschule Trier - Trier University of Applied Sciences	Fachhochschulen / HAW	öffentlich-rechtlich	Rheinland-Pfalz	6951	1971	Nein	Nein	Schneidershof	54293	Trier	1826	54208	Trier	0651	8103-0	8103-333	http://www.hochschule-trier.de/	1
256	Trier ThFak	Theologische Fakultät Trier	Universitäten	kirchlich, staatlich anerkannt	Rheinland-Pfalz	143	1950	Ja	Ja	Universitätsring 19	54296	Trier				0651	201-3520	201-3951	http://www.theo.uni-trier.de/aktuelles.php	1
255	Trier U	Universität Trier	Universitäten	öffentlich-rechtlich	Rheinland-Pfalz	11490	1970	Ja	Ja	Universitätsring 15	54296	Trier				0651	201-2805		http://www.uni-trier.de	1
257	Trossingen HfM	Staatliche Hochschule für Musik Trossingen	Künstlerische Hochschulen	öffentlich-rechtlich	Baden-Württemberg	435	1944	Ja	Nein	Schultheiß-Koch-Platz 3	78647	Trossingen				07425	9491-0	9491-48	https://www.hfm-trossingen.de	1
75	Tübingen HfKiM	Hochschule für Kirchenmusik der Evangelischen Landeskirche in Württemberg	Künstlerische Hochschulen	kirchlich, staatlich anerkannt	Baden-Württemberg	22	1945	Nein	Nein	Gartenstraße 12	72074	Tübingen				07071	925-997	925-998	http://www.kirchenmusikhochschule.de	0
258	Tübingen U	Eberhard Karls Universität Tübingen	Universitäten	öffentlich-rechtlich	Baden-Württemberg	27828	1477	Ja	Ja	Geschwister-Scholl-Platz	72074	Tübingen				07071	29-0	29-5990	http://www.uni-tuebingen.de	1
260	Ulm TH	Technische Hochschule Ulm	Fachhochschulen / HAW	öffentlich-rechtlich	Baden-Württemberg	3564	1960	Nein	Nein	Prittwitzstraße 10	89075	Ulm	38 60	89028	Ulm	0731	50-208	50-28270	http://www.thu.de	1
259	Ulm U	Universität Ulm	Universitäten	öffentlich-rechtlich	Baden-Württemberg	10164	1967	Ja	Ja	Albert-Einstein-Allee 11	89081	Ulm		89069	Ulm	0731	50-10	50-22038	http://www.uni-ulm.de	1
262	Vallendar VP-Uni	Vinzenz Pallotti University	Universitäten	kirchlich, staatlich anerkannt	Rheinland-Pfalz	376	1896	Ja	Ja	Pallottistraße 3	56179	Vallendar	1406	56174	Vallendar	0261	6402-260	6402-300	https://vp-uni.de/	0
261	Vallendar WHU	WHU - Otto Beisheim School of Management	Universitäten	privat, staatlich anerkannt	Rheinland-Pfalz	1912	1984	Ja	Ja	Burgplatz 2	56179	Vallendar				0261	6509-0	6509-509	http://www.whu.edu	1
320	Vechta/Diepholz PHWT	Private Hochschule für Wirtschaft und Technik Vechta/Diepholz	Fachhochschulen / HAW	privat, staatlich anerkannt	Niedersachsen	558	1998	Nein	Nein	Rombergstraße 40	49377	Vechta				04441	915-0	915-109	https://www.phwt.de	0
293	Vechta U	Universität Vechta	Universitäten	öffentlich-rechtlich	Niedersachsen	4551	1995	Ja	Ja	Driverstraße 22	49377	Vechta	1553	49364	Vechta	04441	15-0	15-444	http://www.uni-vechta.de	1
263	Wedel FH	Fachhochschule Wedel	Fachhochschulen / HAW	privat, staatlich anerkannt	Schleswig-Holstein	1221	1948	Nein	Nein	Feldstraße 143	22880	Wedel				04103	8048-0	8048-39	http://www.fh-wedel.de	0
264	Weihenstephan-Triesdorf H	Hochschule  für  angewandte  Wissenschaften  Weihenstephan-Triesdorf	Fachhochschulen / HAW	öffentlich-rechtlich	Bayern	6084	1971	Nein	Nein	Am Hofgarten 4	85354	Freising				08161	71-0	71-4207	http://www.hswt.de/	1
267	Weimar HfM	Hochschule für Musik Franz Liszt Weimar	Künstlerische Hochschulen	öffentlich-rechtlich	Thüringen	738	1872	Ja	Nein	Platz der Demokratie 2/3	99423	Weimar	2552	99406	Weimar	03643	555-0	555-188	http://www.hfm-weimar.de	1
266	Weimar U	Bauhaus-Universität Weimar	Universitäten	öffentlich-rechtlich	Thüringen	3988	1860	Ja	Ja	Geschwister-Scholl-Straße 8	99423	Weimar		99421	Weimar	03643	58-0	58-1120	http://www.uni-weimar.de/studium	1
268	Weingarten PH	Pädagogische Hochschule Weingarten	Universitäten	öffentlich-rechtlich	Baden-Württemberg	3461	1949	Ja	Ja	Kirchplatz 2	88250	Weingarten				0751	501-0	501-8200	https://www.ph-weingarten.de/die-ph-weingarten/	1
427	Weserbergland H	Hochschule Weserbergland	Fachhochschulen / HAW	privat, staatlich anerkannt	Niedersachsen	485	2010	Nein	Nein	Am Stockhof 2	31785	Hameln		31785	Hameln	05151	95590	45271	https://www.hsw-hameln.de	0
95	Westfälische H	Westfälische Hochschule Gelsenkirchen, Bocholt, Recklinghausen	Fachhochschulen / HAW	öffentlich-rechtlich	Nordrhein-Westfalen	8143	1992	Nein	Nein	Neidenburger Straße 43	45897	Gelsenkirchen		45877	Gelsenkirchen	0209	9596-0	9596-445	http://www.w-hs.de	1
269	Westküste FH	Fachhochschule Westküste, Hochschule für Wirtschaft und Technik	Fachhochschulen / HAW	öffentlich-rechtlich	Schleswig-Holstein	1830	1994	Nein	Nein	Fritz-Thiedemann-Ring 20	25746	Heide				0481	8555-0	8555-555	http://www.fh-westkueste.de	1
206	Wiesbaden EBS	EBS Universität für Wirtschaft und Recht	Universitäten	privat, staatlich anerkannt	Hessen	1764	1971	Ja	Ja	Gustav-Stresemann-Ring 3	65189	Wiesbaden				0611	7102 00	7102 10 00	http://www.ebs.edu	1
272	Wildau TH	Technische Hochschule Wildau	Fachhochschulen / HAW	öffentlich-rechtlich	Brandenburg	3485	1991	Nein	Nein	Hochschulring 1	15745	Wildau				03375	508-300	500-324	http://www.th-wildau.de/	1
406	Wilhelmshaven/Oldenburg/Elsfleth H	Jade Hochschule -  Wilhelmshaven/Oldenburg/Elsfleth	Fachhochschulen / HAW	öffentlich-rechtlich	Niedersachsen	6789	2009	Nein	Nein	Friedrich-Paffrath-Straße 101	26389	Wilhelmshaven				04421	985-0	985-2304	http://www.jade-hs.de	1
274	Wismar H	Hochschule Wismar - University of Applied Sciences: Technology, Business and Design	Fachhochschulen / HAW	öffentlich-rechtlich	Mecklenburg-Vorpommern	8403	1908	Nein	Nein	Philipp-Müller-Straße 14	23966	Wismar	1210	23952	Wismar	03841	753-0	753-7383	https://www.hs-wismar.de	1
275	Witten/ Herdecke U	Private Universität Witten/Herdecke gGmbH	Universitäten	privat, staatlich anerkannt	Nordrhein-Westfalen	2897	1982	Ja	Ja	Alfred-Herrhausen-Str. 50	58448	Witten				02302	926 849	926 803	https://www.uni-wh.de/	1
309	Worms H	Hochschule Worms, University of Applied Sciences	Fachhochschulen / HAW	öffentlich-rechtlich	Rheinland-Pfalz	3484	1996	Nein	Nein	Erenburgerstr. 19	67549	Worms				06241	509-0	509-281	http://www.hs-worms.de	1
281	Wuppertal KiH	Kirchliche Hochschule Wuppertal	Universitäten	kirchlich, staatlich anerkannt	Nordrhein-Westfalen	264	1935	Ja	Ja	Missionsstraße 9 a/b	42285	Wuppertal				0202	2820-502	2820-101	https://www.kiho-wuppertal.de/	1
279	Wuppertal U	Bergische Universität Wuppertal	Universitäten	öffentlich-rechtlich	Nordrhein-Westfalen	22601	1972	Ja	Ja	Gaußstraße 20	42119	Wuppertal		42097	Wuppertal	0202	439-0	439-2901	http://www.uni-wuppertal.de	1
278	Würzburg HfM	Hochschule für Musik Würzburg	Künstlerische Hochschulen	öffentlich-rechtlich	Bayern	358	1797	Ja	Nein	Hofstallstraße 6-8	97070	Würzburg				0931	32187-0	32187-2800	http://www.hfm-wuerzburg.de	1
277	Würzburg-Schweinfurt TH	Technische Hochschule Würzburg-Schweinfurt	Fachhochschulen / HAW	öffentlich-rechtlich	Bayern	9269	1971	Nein	Nein	Münzstraße 12	97070	Würzburg				0931	3511-0	3511-6994	http://www.thws.de	1
276	Würzburg U	Julius-Maximilians-Universität Würzburg	Universitäten	öffentlich-rechtlich	Bayern	27149	1402	Ja	Ja	Sanderring 2	97070	Würzburg				0931	31-83183	31-82600	http://www.uni-wuerzburg.de	1
282	Zittau/ Görlitz H	Hochschule Zittau/Görlitz	Fachhochschulen / HAW	öffentlich-rechtlich	Sachsen	2655	1992	Nein	Nein	Theodor-Körner-Allee 16	02763	Zittau	1454	02754	Zittau	03583	6120	6123009	http://www.hszg.de/	1
283	Zwickau H	Westsächsische Hochschule Zwickau	Fachhochschulen / HAW	öffentlich-rechtlich	Sachsen	3104	1897	Nein	Nein	Kornmarkt 1	08056	Zwickau	201037	08012	Zwickau	0375	536-0	536-1127	http://www.fh-zwickau.de	1
